-- phpMyAdmin SQL Dump
-- version 5.2.1
-- https://www.phpmyadmin.net/
--
-- Host: 127.0.0.1:3306
-- Generation Time: Aug 04, 2024 at 01:01 PM
-- Server version: 10.11.8-MariaDB-cll-lve
-- PHP Version: 7.2.34

SET SQL_MODE = "NO_AUTO_VALUE_ON_ZERO";
START TRANSACTION;
SET time_zone = "+00:00";


/*!40101 SET @OLD_CHARACTER_SET_CLIENT=@@CHARACTER_SET_CLIENT */;
/*!40101 SET @OLD_CHARACTER_SET_RESULTS=@@CHARACTER_SET_RESULTS */;
/*!40101 SET @OLD_COLLATION_CONNECTION=@@COLLATION_CONNECTION */;
/*!40101 SET NAMES utf8mb4 */;

--
-- Database: `u618365850_takween`
--

-- --------------------------------------------------------

--
-- Table structure for table `admins`
--

CREATE TABLE `admins` (
  `id` bigint(20) UNSIGNED NOT NULL,
  `name` varchar(255) NOT NULL,
  `email` varchar(255) NOT NULL,
  `password` varchar(255) NOT NULL,
  `image` varchar(255) NOT NULL,
  `created_at` timestamp NULL DEFAULT NULL,
  `updated_at` timestamp NULL DEFAULT NULL
) ENGINE=InnoDB DEFAULT CHARSET=utf8mb4 COLLATE=utf8mb4_unicode_ci;

--
-- Dumping data for table `admins`
--

INSERT INTO `admins` (`id`, `name`, `email`, `password`, `image`, `created_at`, `updated_at`) VALUES
(1, 'المسؤول الرئيسي', 'admin@admin.com', '$2y$10$ei.1s/y38mqypzjmL0IhGOoftDxb5xhg8Qt8pQLi7izg7QtBolLDq', 'admin.jpg', '2024-08-01 17:37:59', '2024-08-01 17:37:59');

-- --------------------------------------------------------

--
-- Table structure for table `authors`
--

CREATE TABLE `authors` (
  `id` bigint(20) UNSIGNED NOT NULL,
  `name` varchar(255) NOT NULL,
  `image` varchar(255) NOT NULL,
  `description` text NOT NULL,
  `created_at` timestamp NULL DEFAULT NULL,
  `updated_at` timestamp NULL DEFAULT NULL
) ENGINE=InnoDB DEFAULT CHARSET=utf8mb4 COLLATE=utf8mb4_unicode_ci;

--
-- Dumping data for table `authors`
--

INSERT INTO `authors` (`id`, `name`, `image`, `description`, `created_at`, `updated_at`) VALUES
(1, 'نجيب محفوظ', '1.jpg', 'روائي مصري حاصل على جائزة نوبل في الأدب عام 1988.', '2024-08-01 17:37:59', '2024-08-01 17:37:59'),
(2, 'غسان كنفاني', '2.jpg', 'كاتب فلسطيني يُعد من أبرز الأدباء العرب في القرن العشرين.', '2024-08-01 17:37:59', '2024-08-01 17:37:59'),
(3, 'مصطفى صادق الرافعي', '3.jpg', 'كاتب وروائي مصري، معروف بأعماله التي تمزج بين الخيال والواقع.', '2024-08-01 17:37:59', '2024-08-01 17:37:59'),
(4, 'نزار قباني', '4.jpg', 'شاعر ودبلوماسي سوري، كتب العديد من القصائد الرومانسية والوطنية.', '2024-08-01 17:37:59', '2024-08-01 17:37:59'),
(5, 'أحلام مستغانمي', '5.jpg', 'روائية جزائرية معروفة بأعمالها الأدبية التي تناولت قضايا اجتماعية ونفسية.', '2024-08-01 17:37:59', '2024-08-01 17:37:59'),
(6, 'عباس محمود العقاد', '6.jpg', 'شاعر وناقد مصري، من أبرز الشعراء في الحركة الأدبية الحديثة في مصر.', '2024-08-01 17:37:59', '2024-08-01 17:37:59'),
(7, 'جبران خليل جبران', '7.jpg', 'كاتب وشاعر لبناني، معروف بكتاباته التي تجمع بين الفلسفة والأدب.', '2024-08-01 17:37:59', '2024-08-01 17:37:59'),
(8, 'نجوى بركات', '8.jpg', 'روائية وقاصة مصرية، تميزت بأسلوبها السردي العميق والمعبر.', '2024-08-01 17:37:59', '2024-08-01 17:37:59'),
(9, 'توفيق الحكيم', '9.jpg', 'كاتب وروائي مصري، أحد رواد الرواية العربية الحديثة في منتصف القرن العشرين.', '2024-08-01 17:37:59', '2024-08-01 17:37:59'),
(10, 'نجلاء الشافعي', '10.jpg', 'كاتبة وروائية مصرية، تتناول في أعمالها قضايا اجتماعية ونفسية معاصرة.', '2024-08-01 17:37:59', '2024-08-01 17:37:59');

-- --------------------------------------------------------

--
-- Table structure for table `author_book`
--

CREATE TABLE `author_book` (
  `id` bigint(20) UNSIGNED NOT NULL,
  `book_id` bigint(20) UNSIGNED NOT NULL,
  `author_id` bigint(20) UNSIGNED NOT NULL,
  `created_at` timestamp NULL DEFAULT NULL,
  `updated_at` timestamp NULL DEFAULT NULL
) ENGINE=InnoDB DEFAULT CHARSET=utf8mb4 COLLATE=utf8mb4_unicode_ci;

--
-- Dumping data for table `author_book`
--

INSERT INTO `author_book` (`id`, `book_id`, `author_id`, `created_at`, `updated_at`) VALUES
(1, 1, 6, NULL, NULL),
(2, 1, 4, NULL, NULL),
(3, 2, 2, NULL, NULL),
(4, 2, 4, NULL, NULL),
(5, 3, 6, NULL, NULL),
(6, 3, 7, NULL, NULL),
(7, 4, 1, NULL, NULL),
(8, 4, 8, NULL, NULL),
(9, 5, 5, NULL, NULL),
(10, 5, 6, NULL, NULL),
(11, 6, 7, NULL, NULL),
(12, 6, 2, NULL, NULL),
(13, 7, 2, NULL, NULL),
(14, 7, 1, NULL, NULL),
(15, 8, 5, NULL, NULL),
(16, 8, 8, NULL, NULL),
(17, 9, 5, NULL, NULL),
(18, 9, 6, NULL, NULL),
(19, 10, 1, NULL, NULL),
(20, 10, 8, NULL, NULL),
(21, 11, 7, NULL, NULL),
(22, 11, 1, NULL, NULL),
(23, 12, 4, NULL, NULL),
(24, 12, 9, NULL, NULL),
(25, 13, 3, NULL, NULL),
(26, 13, 9, NULL, NULL),
(27, 14, 10, NULL, NULL),
(28, 14, 6, NULL, NULL),
(29, 15, 10, NULL, NULL),
(30, 15, 4, NULL, NULL),
(31, 16, 6, NULL, NULL),
(32, 16, 9, NULL, NULL),
(33, 17, 8, NULL, NULL),
(34, 17, 7, NULL, NULL),
(35, 18, 10, NULL, NULL),
(36, 18, 9, NULL, NULL),
(37, 19, 10, NULL, NULL),
(38, 19, 1, NULL, NULL),
(39, 20, 5, NULL, NULL),
(40, 20, 10, NULL, NULL);

-- --------------------------------------------------------

--
-- Table structure for table `blogs`
--

CREATE TABLE `blogs` (
  `id` bigint(20) UNSIGNED NOT NULL,
  `title` varchar(255) NOT NULL,
  `image` varchar(255) NOT NULL,
  `description` text NOT NULL,
  `created_at` timestamp NULL DEFAULT NULL,
  `updated_at` timestamp NULL DEFAULT NULL
) ENGINE=InnoDB DEFAULT CHARSET=utf8mb4 COLLATE=utf8mb4_unicode_ci;

--
-- Dumping data for table `blogs`
--

INSERT INTO `blogs` (`id`, `title`, `image`, `description`, `created_at`, `updated_at`) VALUES
(1, 'مدونة الكتب والروايات', '1.jpg', 'مدونة متخصصة في مراجعة أحدث الكتب والروايات العربية والعالمية، بالإضافة إلى مناقشة الأفكار والمواضيع الأدبية.', '2024-08-01 17:37:59', '2024-08-01 17:37:59'),
(2, 'مدونة الثقافة والفكر', '2.jpg', 'مساحة للتفكير والتحليل في مجالات الثقافة والفكر، تتناول مواضيع متنوعة من الفلسفة والتاريخ إلى العلوم الاجتماعية.', '2024-08-01 17:37:59', '2024-08-01 17:37:59'),
(3, 'مدونة التكنولوجيا والابتكار', '3.jpg', 'تقدم أحدث الأخبار والمقالات حول التكنولوجيا والابتكارات الحديثة، وتستعرض التطورات في مجالات البرمجيات والعتاد.', '2024-08-01 17:37:59', '2024-08-01 17:37:59');

-- --------------------------------------------------------

--
-- Table structure for table `books`
--

CREATE TABLE `books` (
  `id` bigint(20) UNSIGNED NOT NULL,
  `name` varchar(255) NOT NULL,
  `image` varchar(255) NOT NULL,
  `description` text NOT NULL,
  `publisher_id` bigint(20) UNSIGNED NOT NULL,
  `price` bigint(20) NOT NULL,
  `offer` bigint(20) DEFAULT NULL,
  `recommended` tinyint(1) NOT NULL,
  `top_selling` tinyint(1) NOT NULL,
  `created_at` timestamp NULL DEFAULT NULL,
  `updated_at` timestamp NULL DEFAULT NULL,
  `type` enum('1','2') NOT NULL DEFAULT '1',
  `slug` varchar(255) NOT NULL
) ENGINE=InnoDB DEFAULT CHARSET=utf8mb4 COLLATE=utf8mb4_unicode_ci;

--
-- Dumping data for table `books`
--

INSERT INTO `books` (`id`, `name`, `image`, `description`, `publisher_id`, `price`, `offer`, `recommended`, `top_selling`, `created_at`, `updated_at`, `type`, `slug`) VALUES
(1, 'سحر الترتيب', '1.jpg', 'لوريم إيبسوم هو ببساطة نص شكلي (بمعنى أن الغاية هي الشكل وليس المحتوى) ويُستخدم في صناعات المطابع ودور النشر. كان لوريم إيبسوم ولايزال المعيار للنص الشكلي منذ القرن الخامس عشر عندما قامت مطبعة مجهولة برص مجموعة من الأحرف بشكل عشوائي أخذتها من نص، لتكوّن كتيّب بمثابة دليل أو مرجع شكلي لهذه الأحرف. خمسة قرون من الزمن لم تقضي على هذا النص، بل انه حتى صار مستخدماً وبشكله الأصلي في الطباعة والتنضيد الإلكتروني. انتشر بشكل كبير في ستينيّات هذا القرن مع إصدار رقائق \"ليتراسيت\" (Letraset) البلاستيكية تحوي مقاطع من هذا النص، وعاد لينتشر مرة أخرى مؤخراَ مع ظهور برامج النشر الإلكتروني مثل \"ألدوس بايج مايكر\" (Aldus PageMaker) والتي حوت أيضاً على نسخ من نص لوريم إيبسوم.', 1, 16, 3, 1, 1, '2024-08-01 17:37:59', '2024-08-01 17:37:59', '1', 'shr-altrtyb'),
(2, '40 زنزانة', '2.jpg', 'لوريم إيبسوم هو ببساطة نص شكلي (بمعنى أن الغاية هي الشكل وليس المحتوى) ويُستخدم في صناعات المطابع ودور النشر. كان لوريم إيبسوم ولايزال المعيار للنص الشكلي منذ القرن الخامس عشر عندما قامت مطبعة مجهولة برص مجموعة من الأحرف بشكل عشوائي أخذتها من نص، لتكوّن كتيّب بمثابة دليل أو مرجع شكلي لهذه الأحرف. خمسة قرون من الزمن لم تقضي على هذا النص، بل انه حتى صار مستخدماً وبشكله الأصلي في الطباعة والتنضيد الإلكتروني. انتشر بشكل كبير في ستينيّات هذا القرن مع إصدار رقائق \"ليتراسيت\" (Letraset) البلاستيكية تحوي مقاطع من هذا النص، وعاد لينتشر مرة أخرى مؤخراَ مع ظهور برامج النشر الإلكتروني مثل \"ألدوس بايج مايكر\" (Aldus PageMaker) والتي حوت أيضاً على نسخ من نص لوريم إيبسوم.', 2, 20, 2, 1, 1, '2024-08-01 17:37:59', '2024-08-01 17:37:59', '1', '40-znzan'),
(3, 'القمر الأحمر - الجزء الثالث', '3.jpg', 'لوريم إيبسوم هو ببساطة نص شكلي (بمعنى أن الغاية هي الشكل وليس المحتوى) ويُستخدم في صناعات المطابع ودور النشر. كان لوريم إيبسوم ولايزال المعيار للنص الشكلي منذ القرن الخامس عشر عندما قامت مطبعة مجهولة برص مجموعة من الأحرف بشكل عشوائي أخذتها من نص، لتكوّن كتيّب بمثابة دليل أو مرجع شكلي لهذه الأحرف. خمسة قرون من الزمن لم تقضي على هذا النص، بل انه حتى صار مستخدماً وبشكله الأصلي في الطباعة والتنضيد الإلكتروني. انتشر بشكل كبير في ستينيّات هذا القرن مع إصدار رقائق \"ليتراسيت\" (Letraset) البلاستيكية تحوي مقاطع من هذا النص، وعاد لينتشر مرة أخرى مؤخراَ مع ظهور برامج النشر الإلكتروني مثل \"ألدوس بايج مايكر\" (Aldus PageMaker) والتي حوت أيضاً على نسخ من نص لوريم إيبسوم.', 3, 25, 5, 0, 1, '2024-08-01 17:37:59', '2024-08-01 17:37:59', '1', 'alkmr-alahmr-algzaa-althalth'),
(4, 'بين اللهم و امين', '4.jpg', 'لوريم إيبسوم هو ببساطة نص شكلي (بمعنى أن الغاية هي الشكل وليس المحتوى) ويُستخدم في صناعات المطابع ودور النشر. كان لوريم إيبسوم ولايزال المعيار للنص الشكلي منذ القرن الخامس عشر عندما قامت مطبعة مجهولة برص مجموعة من الأحرف بشكل عشوائي أخذتها من نص، لتكوّن كتيّب بمثابة دليل أو مرجع شكلي لهذه الأحرف. خمسة قرون من الزمن لم تقضي على هذا النص، بل انه حتى صار مستخدماً وبشكله الأصلي في الطباعة والتنضيد الإلكتروني. انتشر بشكل كبير في ستينيّات هذا القرن مع إصدار رقائق \"ليتراسيت\" (Letraset) البلاستيكية تحوي مقاطع من هذا النص، وعاد لينتشر مرة أخرى مؤخراَ مع ظهور برامج النشر الإلكتروني مثل \"ألدوس بايج مايكر\" (Aldus PageMaker) والتي حوت أيضاً على نسخ من نص لوريم إيبسوم.', 4, 13, 2, 1, 0, '2024-08-01 17:37:59', '2024-08-01 17:37:59', '1', 'byn-allhm-o-amyn'),
(5, 'ابن الشيطان و الحانوتى', '5.jpg', 'لوريم إيبسوم هو ببساطة نص شكلي (بمعنى أن الغاية هي الشكل وليس المحتوى) ويُستخدم في صناعات المطابع ودور النشر. كان لوريم إيبسوم ولايزال المعيار للنص الشكلي منذ القرن الخامس عشر عندما قامت مطبعة مجهولة برص مجموعة من الأحرف بشكل عشوائي أخذتها من نص، لتكوّن كتيّب بمثابة دليل أو مرجع شكلي لهذه الأحرف. خمسة قرون من الزمن لم تقضي على هذا النص، بل انه حتى صار مستخدماً وبشكله الأصلي في الطباعة والتنضيد الإلكتروني. انتشر بشكل كبير في ستينيّات هذا القرن مع إصدار رقائق \"ليتراسيت\" (Letraset) البلاستيكية تحوي مقاطع من هذا النص، وعاد لينتشر مرة أخرى مؤخراَ مع ظهور برامج النشر الإلكتروني مثل \"ألدوس بايج مايكر\" (Aldus PageMaker) والتي حوت أيضاً على نسخ من نص لوريم إيبسوم.', 5, 19, 6, 1, 0, '2024-08-01 17:37:59', '2024-08-01 17:37:59', '1', 'abn-alshytan-o-alhanot'),
(6, 'مؤتمر الموت', '6.jpg', 'لوريم إيبسوم هو ببساطة نص شكلي (بمعنى أن الغاية هي الشكل وليس المحتوى) ويُستخدم في صناعات المطابع ودور النشر. كان لوريم إيبسوم ولايزال المعيار للنص الشكلي منذ القرن الخامس عشر عندما قامت مطبعة مجهولة برص مجموعة من الأحرف بشكل عشوائي أخذتها من نص، لتكوّن كتيّب بمثابة دليل أو مرجع شكلي لهذه الأحرف. خمسة قرون من الزمن لم تقضي على هذا النص، بل انه حتى صار مستخدماً وبشكله الأصلي في الطباعة والتنضيد الإلكتروني. انتشر بشكل كبير في ستينيّات هذا القرن مع إصدار رقائق \"ليتراسيت\" (Letraset) البلاستيكية تحوي مقاطع من هذا النص، وعاد لينتشر مرة أخرى مؤخراَ مع ظهور برامج النشر الإلكتروني مثل \"ألدوس بايج مايكر\" (Aldus PageMaker) والتي حوت أيضاً على نسخ من نص لوريم إيبسوم.', 6, 22, 4, 0, 1, '2024-08-01 17:37:59', '2024-08-01 17:37:59', '1', 'motmr-almot'),
(7, 'فى حضرة العنقاء و الخل الوفى', '7.jpg', 'لوريم إيبسوم هو ببساطة نص شكلي (بمعنى أن الغاية هي الشكل وليس المحتوى) ويُستخدم في صناعات المطابع ودور النشر. كان لوريم إيبسوم ولايزال المعيار للنص الشكلي منذ القرن الخامس عشر عندما قامت مطبعة مجهولة برص مجموعة من الأحرف بشكل عشوائي أخذتها من نص، لتكوّن كتيّب بمثابة دليل أو مرجع شكلي لهذه الأحرف. خمسة قرون من الزمن لم تقضي على هذا النص، بل انه حتى صار مستخدماً وبشكله الأصلي في الطباعة والتنضيد الإلكتروني. انتشر بشكل كبير في ستينيّات هذا القرن مع إصدار رقائق \"ليتراسيت\" (Letraset) البلاستيكية تحوي مقاطع من هذا النص، وعاد لينتشر مرة أخرى مؤخراَ مع ظهور برامج النشر الإلكتروني مثل \"ألدوس بايج مايكر\" (Aldus PageMaker) والتي حوت أيضاً على نسخ من نص لوريم إيبسوم.', 7, 9, 1, 1, 1, '2024-08-01 17:37:59', '2024-08-01 17:37:59', '1', 'f-hdr-alaankaaa-o-alkhl-alof'),
(8, 'القمر الأحمر - الجزء الثانى', '8.jpg', 'لوريم إيبسوم هو ببساطة نص شكلي (بمعنى أن الغاية هي الشكل وليس المحتوى) ويُستخدم في صناعات المطابع ودور النشر. كان لوريم إيبسوم ولايزال المعيار للنص الشكلي منذ القرن الخامس عشر عندما قامت مطبعة مجهولة برص مجموعة من الأحرف بشكل عشوائي أخذتها من نص، لتكوّن كتيّب بمثابة دليل أو مرجع شكلي لهذه الأحرف. خمسة قرون من الزمن لم تقضي على هذا النص، بل انه حتى صار مستخدماً وبشكله الأصلي في الطباعة والتنضيد الإلكتروني. انتشر بشكل كبير في ستينيّات هذا القرن مع إصدار رقائق \"ليتراسيت\" (Letraset) البلاستيكية تحوي مقاطع من هذا النص، وعاد لينتشر مرة أخرى مؤخراَ مع ظهور برامج النشر الإلكتروني مثل \"ألدوس بايج مايكر\" (Aldus PageMaker) والتي حوت أيضاً على نسخ من نص لوريم إيبسوم.', 8, 19, 3, 1, 0, '2024-08-01 17:37:59', '2024-08-01 17:37:59', '1', 'alkmr-alahmr-algzaa-althan'),
(9, 'النظرية الرمادية', '9.jpg', 'لوريم إيبسوم هو ببساطة نص شكلي (بمعنى أن الغاية هي الشكل وليس المحتوى) ويُستخدم في صناعات المطابع ودور النشر. كان لوريم إيبسوم ولايزال المعيار للنص الشكلي منذ القرن الخامس عشر عندما قامت مطبعة مجهولة برص مجموعة من الأحرف بشكل عشوائي أخذتها من نص، لتكوّن كتيّب بمثابة دليل أو مرجع شكلي لهذه الأحرف. خمسة قرون من الزمن لم تقضي على هذا النص، بل انه حتى صار مستخدماً وبشكله الأصلي في الطباعة والتنضيد الإلكتروني. انتشر بشكل كبير في ستينيّات هذا القرن مع إصدار رقائق \"ليتراسيت\" (Letraset) البلاستيكية تحوي مقاطع من هذا النص، وعاد لينتشر مرة أخرى مؤخراَ مع ظهور برامج النشر الإلكتروني مثل \"ألدوس بايج مايكر\" (Aldus PageMaker) والتي حوت أيضاً على نسخ من نص لوريم إيبسوم.', 9, 18, 3, 1, 1, '2024-08-01 17:37:59', '2024-08-01 17:37:59', '1', 'alnthry-alrmady'),
(10, 'السراب', '10.jpg', 'لوريم إيبسوم هو ببساطة نص شكلي (بمعنى أن الغاية هي الشكل وليس المحتوى) ويُستخدم في صناعات المطابع ودور النشر. كان لوريم إيبسوم ولايزال المعيار للنص الشكلي منذ القرن الخامس عشر عندما قامت مطبعة مجهولة برص مجموعة من الأحرف بشكل عشوائي أخذتها من نص، لتكوّن كتيّب بمثابة دليل أو مرجع شكلي لهذه الأحرف. خمسة قرون من الزمن لم تقضي على هذا النص، بل انه حتى صار مستخدماً وبشكله الأصلي في الطباعة والتنضيد الإلكتروني. انتشر بشكل كبير في ستينيّات هذا القرن مع إصدار رقائق \"ليتراسيت\" (Letraset) البلاستيكية تحوي مقاطع من هذا النص، وعاد لينتشر مرة أخرى مؤخراَ مع ظهور برامج النشر الإلكتروني مثل \"ألدوس بايج مايكر\" (Aldus PageMaker) والتي حوت أيضاً على نسخ من نص لوريم إيبسوم.', 10, 23, 6, 0, 1, '2024-08-01 17:37:59', '2024-08-01 17:37:59', '1', 'alsrab'),
(11, '1-سحر الترتيب', 'books-collection.jpg', 'لوريم إيبسوم(Lorem Ipsum) هو ببساطة نص شكلي (بمعنى أن الغاية هي الشكل وليس المحتوى) ويُستخدم في صناعات المطابع ودور النشر. كان لوريم إيبسوم ولايزال المعيار للنص الشكلي منذ القرن الخامس عشر عندما قامت مطبعة مجهولة برص مجموعة من الأحرف بشكل عشوائي أخذتها من نص، لتكوّن كتيّب بمثابة دليل أو مرجع شكلي لهذه الأحرف. خمسة قرون من الزمن لم تقضي على هذا النص، بل انه حتى صار مستخدماً وبشكله الأصلي في الطباعة والتنضيد الإلكتروني. انتشر بشكل كبير في ستينيّات هذا القرن مع إصدار رقائق \"ليتراسيت\" (Letraset) البلاستيكية تحوي مقاطع من هذا النص، وعاد لينتشر مرة أخرى مؤخراَ مع ظهور برامج النشر الإلكتروني مثل \"ألدوس بايج مايكر\" (Aldus PageMaker) والتي حوت أيضاً على نسخ من نص لوريم إيبسوم.', 1, 10000, 9000, 1, 1, '2024-08-01 17:37:59', '2024-08-01 17:37:59', '2', 'سحر-الترتيب-1'),
(12, '1-40 زنزانة', 'books-collection.jpg', 'لوريم إيبسوم(Lorem Ipsum) هو ببساطة نص شكلي (بمعنى أن الغاية هي الشكل وليس المحتوى) ويُستخدم في صناعات المطابع ودور النشر. كان لوريم إيبسوم ولايزال المعيار للنص الشكلي منذ القرن الخامس عشر عندما قامت مطبعة مجهولة برص مجموعة من الأحرف بشكل عشوائي أخذتها من نص، لتكوّن كتيّب بمثابة دليل أو مرجع شكلي لهذه الأحرف. خمسة قرون من الزمن لم تقضي على هذا النص، بل انه حتى صار مستخدماً وبشكله الأصلي في الطباعة والتنضيد الإلكتروني. انتشر بشكل كبير في ستينيّات هذا القرن مع إصدار رقائق \"ليتراسيت\" (Letraset) البلاستيكية تحوي مقاطع من هذا النص، وعاد لينتشر مرة أخرى مؤخراَ مع ظهور برامج النشر الإلكتروني مثل \"ألدوس بايج مايكر\" (Aldus PageMaker) والتي حوت أيضاً على نسخ من نص لوريم إيبسوم.', 2, 15000, 13000, 1, 1, '2024-08-01 17:37:59', '2024-08-01 17:37:59', '2', '40-زنزانة-1'),
(13, '1-القمر الأحمر - الجزء الثالث', 'books-collection.jpg', 'لوريم إيبسوم(Lorem Ipsum) هو ببساطة نص شكلي (بمعنى أن الغاية هي الشكل وليس المحتوى) ويُستخدم في صناعات المطابع ودور النشر. كان لوريم إيبسوم ولايزال المعيار للنص الشكلي منذ القرن الخامس عشر عندما قامت مطبعة مجهولة برص مجموعة من الأحرف بشكل عشوائي أخذتها من نص، لتكوّن كتيّب بمثابة دليل أو مرجع شكلي لهذه الأحرف. خمسة قرون من الزمن لم تقضي على هذا النص، بل انه حتى صار مستخدماً وبشكله الأصلي في الطباعة والتنضيد الإلكتروني. انتشر بشكل كبير في ستينيّات هذا القرن مع إصدار رقائق \"ليتراسيت\" (Letraset) البلاستيكية تحوي مقاطع من هذا النص، وعاد لينتشر مرة أخرى مؤخراَ مع ظهور برامج النشر الإلكتروني مثل \"ألدوس بايج مايكر\" (Aldus PageMaker) والتي حوت أيضاً على نسخ من نص لوريم إيبسوم.', 3, 12000, 11000, 0, 1, '2024-08-01 17:37:59', '2024-08-01 17:37:59', '2', 'القمرالأحمر-الجزءالثالث-1'),
(14, '1-بين اللهم و امين', 'books-collection.jpg', 'لوريم إيبسوم(Lorem Ipsum) هو ببساطة نص شكلي (بمعنى أن الغاية هي الشكل وليس المحتوى) ويُستخدم في صناعات المطابع ودور النشر. كان لوريم إيبسوم ولايزال المعيار للنص الشكلي منذ القرن الخامس عشر عندما قامت مطبعة مجهولة برص مجموعة من الأحرف بشكل عشوائي أخذتها من نص، لتكوّن كتيّب بمثابة دليل أو مرجع شكلي لهذه الأحرف. خمسة قرون من الزمن لم تقضي على هذا النص، بل انه حتى صار مستخدماً وبشكله الأصلي في الطباعة والتنضيد الإلكتروني. انتشر بشكل كبير في ستينيّات هذا القرن مع إصدار رقائق \"ليتراسيت\" (Letraset) البلاستيكية تحوي مقاطع من هذا النص، وعاد لينتشر مرة أخرى مؤخراَ مع ظهور برامج النشر الإلكتروني مثل \"ألدوس بايج مايكر\" (Aldus PageMaker) والتي حوت أيضاً على نسخ من نص لوريم إيبسوم.', 4, 8000, 7500, 1, 0, '2024-08-01 17:37:59', '2024-08-01 17:37:59', '2', 'بين-اللهم-و-امين-1'),
(15, '1-ابن الشيطان و الحانوتى', 'books-collection.jpg', 'لوريم إيبسوم(Lorem Ipsum) هو ببساطة نص شكلي (بمعنى أن الغاية هي الشكل وليس المحتوى) ويُستخدم في صناعات المطابع ودور النشر. كان لوريم إيبسوم ولايزال المعيار للنص الشكلي منذ القرن الخامس عشر عندما قامت مطبعة مجهولة برص مجموعة من الأحرف بشكل عشوائي أخذتها من نص، لتكوّن كتيّب بمثابة دليل أو مرجع شكلي لهذه الأحرف. خمسة قرون من الزمن لم تقضي على هذا النص، بل انه حتى صار مستخدماً وبشكله الأصلي في الطباعة والتنضيد الإلكتروني. انتشر بشكل كبير في ستينيّات هذا القرن مع إصدار رقائق \"ليتراسيت\" (Letraset) البلاستيكية تحوي مقاطع من هذا النص، وعاد لينتشر مرة أخرى مؤخراَ مع ظهور برامج النشر الإلكتروني مثل \"ألدوس بايج مايكر\" (Aldus PageMaker) والتي حوت أيضاً على نسخ من نص لوريم إيبسوم.', 5, 9500, 9000, 1, 0, '2024-08-01 17:37:59', '2024-08-01 17:37:59', '2', 'ابن-الشيطان-و-الحانوتى-1'),
(16, '1-مؤتمر الموت', 'books-collection.jpg', 'لوريم إيبسوم(Lorem Ipsum) هو ببساطة نص شكلي (بمعنى أن الغاية هي الشكل وليس المحتوى) ويُستخدم في صناعات المطابع ودور النشر. كان لوريم إيبسوم ولايزال المعيار للنص الشكلي منذ القرن الخامس عشر عندما قامت مطبعة مجهولة برص مجموعة من الأحرف بشكل عشوائي أخذتها من نص، لتكوّن كتيّب بمثابة دليل أو مرجع شكلي لهذه الأحرف. خمسة قرون من الزمن لم تقضي على هذا النص، بل انه حتى صار مستخدماً وبشكله الأصلي في الطباعة والتنضيد الإلكتروني. انتشر بشكل كبير في ستينيّات هذا القرن مع إصدار رقائق \"ليتراسيت\" (Letraset) البلاستيكية تحوي مقاطع من هذا النص، وعاد لينتشر مرة أخرى مؤخراَ مع ظهور برامج النشر الإلكتروني مثل \"ألدوس بايج مايكر\" (Aldus PageMaker) والتي حوت أيضاً على نسخ من نص لوريم إيبسوم.', 6, 11000, 10500, 0, 1, '2024-08-01 17:37:59', '2024-08-01 17:37:59', '2', 'مؤتمر-الموت-1'),
(17, '1-فى حضرة العنقاء و الخل الوفى', 'books-collection.jpg', 'لوريم إيبسوم(Lorem Ipsum) هو ببساطة نص شكلي (بمعنى أن الغاية هي الشكل وليس المحتوى) ويُستخدم في صناعات المطابع ودور النشر. كان لوريم إيبسوم ولايزال المعيار للنص الشكلي منذ القرن الخامس عشر عندما قامت مطبعة مجهولة برص مجموعة من الأحرف بشكل عشوائي أخذتها من نص، لتكوّن كتيّب بمثابة دليل أو مرجع شكلي لهذه الأحرف. خمسة قرون من الزمن لم تقضي على هذا النص، بل انه حتى صار مستخدماً وبشكله الأصلي في الطباعة والتنضيد الإلكتروني. انتشر بشكل كبير في ستينيّات هذا القرن مع إصدار رقائق \"ليتراسيت\" (Letraset) البلاستيكية تحوي مقاطع من هذا النص، وعاد لينتشر مرة أخرى مؤخراَ مع ظهور برامج النشر الإلكتروني مثل \"ألدوس بايج مايكر\" (Aldus PageMaker) والتي حوت أيضاً على نسخ من نص لوريم إيبسوم.', 7, 14000, 13000, 1, 1, '2024-08-01 17:37:59', '2024-08-01 17:37:59', '2', 'فى-حضرة-العنقاء-و-الخل-الوفى-1'),
(18, '1-القمر الأحمر - الجزء الثانى', 'books-collection.jpg', 'لوريم إيبسوم(Lorem Ipsum) هو ببساطة نص شكلي (بمعنى أن الغاية هي الشكل وليس المحتوى) ويُستخدم في صناعات المطابع ودور النشر. كان لوريم إيبسوم ولايزال المعيار للنص الشكلي منذ القرن الخامس عشر عندما قامت مطبعة مجهولة برص مجموعة من الأحرف بشكل عشوائي أخذتها من نص، لتكوّن كتيّب بمثابة دليل أو مرجع شكلي لهذه الأحرف. خمسة قرون من الزمن لم تقضي على هذا النص، بل انه حتى صار مستخدماً وبشكله الأصلي في الطباعة والتنضيد الإلكتروني. انتشر بشكل كبير في ستينيّات هذا القرن مع إصدار رقائق \"ليتراسيت\" (Letraset) البلاستيكية تحوي مقاطع من هذا النص، وعاد لينتشر مرة أخرى مؤخراَ مع ظهور برامج النشر الإلكتروني مثل \"ألدوس بايج مايكر\" (Aldus PageMaker) والتي حوت أيضاً على نسخ من نص لوريم إيبسوم.', 8, 10000, 9500, 1, 0, '2024-08-01 17:37:59', '2024-08-01 17:37:59', '2', 'القمر-الأحمر-الجزء-الثانى-1'),
(19, '1-النظرية الرمادية', 'books-collection.jpg', 'لوريم إيبسوم(Lorem Ipsum) هو ببساطة نص شكلي (بمعنى أن الغاية هي الشكل وليس المحتوى) ويُستخدم في صناعات المطابع ودور النشر. كان لوريم إيبسوم ولايزال المعيار للنص الشكلي منذ القرن الخامس عشر عندما قامت مطبعة مجهولة برص مجموعة من الأحرف بشكل عشوائي أخذتها من نص، لتكوّن كتيّب بمثابة دليل أو مرجع شكلي لهذه الأحرف. خمسة قرون من الزمن لم تقضي على هذا النص، بل انه حتى صار مستخدماً وبشكله الأصلي في الطباعة والتنضيد الإلكتروني. انتشر بشكل كبير في ستينيّات هذا القرن مع إصدار رقائق \"ليتراسيت\" (Letraset) البلاستيكية تحوي مقاطع من هذا النص، وعاد لينتشر مرة أخرى مؤخراَ مع ظهور برامج النشر الإلكتروني مثل \"ألدوس بايج مايكر\" (Aldus PageMaker) والتي حوت أيضاً على نسخ من نص لوريم إيبسوم.', 9, 12500, 11500, 1, 1, '2024-08-01 17:37:59', '2024-08-01 17:37:59', '2', 'النظرية-الرمادية-1'),
(20, '1-السراب', 'books-collection.jpg', 'لوريم إيبسوم(Lorem Ipsum) هو ببساطة نص شكلي (بمعنى أن الغاية هي الشكل وليس المحتوى) ويُستخدم في صناعات المطابع ودور النشر. كان لوريم إيبسوم ولايزال المعيار للنص الشكلي منذ القرن الخامس عشر عندما قامت مطبعة مجهولة برص مجموعة من الأحرف بشكل عشوائي أخذتها من نص، لتكوّن كتيّب بمثابة دليل أو مرجع شكلي لهذه الأحرف. خمسة قرون من الزمن لم تقضي على هذا النص، بل انه حتى صار مستخدماً وبشكله الأصلي في الطباعة والتنضيد الإلكتروني. انتشر بشكل كبير في ستينيّات هذا القرن مع إصدار رقائق \"ليتراسيت\" (Letraset) البلاستيكية تحوي مقاطع من هذا النص، وعاد لينتشر مرة أخرى مؤخراَ مع ظهور برامج النشر الإلكتروني مثل \"ألدوس بايج مايكر\" (Aldus PageMaker) والتي حوت أيضاً على نسخ من نص لوريم إيبسوم.', 10, 9500, 9000, 0, 1, '2024-08-01 17:37:59', '2024-08-01 17:37:59', '2', 'السراب-1');

-- --------------------------------------------------------

--
-- Table structure for table `book_category`
--

CREATE TABLE `book_category` (
  `id` bigint(20) UNSIGNED NOT NULL,
  `book_id` bigint(20) UNSIGNED NOT NULL,
  `category_id` bigint(20) UNSIGNED NOT NULL,
  `created_at` timestamp NULL DEFAULT NULL,
  `updated_at` timestamp NULL DEFAULT NULL
) ENGINE=InnoDB DEFAULT CHARSET=utf8mb4 COLLATE=utf8mb4_unicode_ci;

--
-- Dumping data for table `book_category`
--

INSERT INTO `book_category` (`id`, `book_id`, `category_id`, `created_at`, `updated_at`) VALUES
(1, 1, 4, NULL, NULL),
(2, 1, 9, NULL, NULL),
(3, 2, 2, NULL, NULL),
(4, 2, 7, NULL, NULL),
(5, 3, 10, NULL, NULL),
(6, 3, 2, NULL, NULL),
(7, 4, 1, NULL, NULL),
(8, 4, 3, NULL, NULL),
(9, 5, 7, NULL, NULL),
(10, 5, 1, NULL, NULL),
(11, 6, 8, NULL, NULL),
(12, 6, 3, NULL, NULL),
(13, 7, 9, NULL, NULL),
(14, 7, 1, NULL, NULL),
(15, 8, 2, NULL, NULL),
(16, 8, 10, NULL, NULL),
(17, 9, 8, NULL, NULL),
(18, 9, 1, NULL, NULL),
(19, 10, 9, NULL, NULL),
(20, 10, 3, NULL, NULL),
(21, 11, 8, NULL, NULL),
(22, 11, 5, NULL, NULL),
(23, 12, 10, NULL, NULL),
(24, 12, 2, NULL, NULL),
(25, 13, 9, NULL, NULL),
(26, 13, 5, NULL, NULL),
(27, 14, 7, NULL, NULL),
(28, 14, 2, NULL, NULL),
(29, 15, 3, NULL, NULL),
(30, 15, 6, NULL, NULL),
(31, 16, 5, NULL, NULL),
(32, 16, 10, NULL, NULL),
(33, 17, 10, NULL, NULL),
(34, 17, 8, NULL, NULL),
(35, 18, 2, NULL, NULL),
(36, 18, 3, NULL, NULL),
(37, 19, 5, NULL, NULL),
(38, 19, 9, NULL, NULL),
(39, 20, 7, NULL, NULL),
(40, 20, 4, NULL, NULL);

-- --------------------------------------------------------

--
-- Table structure for table `book_group`
--

CREATE TABLE `book_group` (
  `id` bigint(20) UNSIGNED NOT NULL,
  `book_id` bigint(20) UNSIGNED NOT NULL,
  `group_id` bigint(20) UNSIGNED NOT NULL,
  `created_at` timestamp NULL DEFAULT NULL,
  `updated_at` timestamp NULL DEFAULT NULL
) ENGINE=InnoDB DEFAULT CHARSET=utf8mb4 COLLATE=utf8mb4_unicode_ci;

--
-- Dumping data for table `book_group`
--

INSERT INTO `book_group` (`id`, `book_id`, `group_id`, `created_at`, `updated_at`) VALUES
(1, 8, 11, NULL, NULL),
(2, 7, 11, NULL, NULL),
(3, 8, 12, NULL, NULL),
(4, 7, 12, NULL, NULL),
(5, 3, 13, NULL, NULL),
(6, 8, 13, NULL, NULL),
(7, 7, 14, NULL, NULL),
(8, 8, 14, NULL, NULL),
(9, 7, 15, NULL, NULL),
(10, 6, 15, NULL, NULL),
(11, 9, 16, NULL, NULL),
(12, 2, 16, NULL, NULL),
(13, 5, 17, NULL, NULL),
(14, 10, 17, NULL, NULL),
(15, 3, 18, NULL, NULL),
(16, 8, 18, NULL, NULL),
(17, 4, 19, NULL, NULL),
(18, 1, 19, NULL, NULL),
(19, 2, 20, NULL, NULL),
(20, 7, 20, NULL, NULL);

-- --------------------------------------------------------

--
-- Table structure for table `carts`
--

CREATE TABLE `carts` (
  `id` bigint(20) UNSIGNED NOT NULL,
  `user_id` bigint(20) UNSIGNED NOT NULL,
  `total` double(10,2) NOT NULL DEFAULT 0.00,
  `created_at` timestamp NULL DEFAULT NULL,
  `updated_at` timestamp NULL DEFAULT NULL
) ENGINE=InnoDB DEFAULT CHARSET=utf8mb4 COLLATE=utf8mb4_unicode_ci;

-- --------------------------------------------------------

--
-- Table structure for table `cart_items`
--

CREATE TABLE `cart_items` (
  `id` bigint(20) UNSIGNED NOT NULL,
  `cart_id` bigint(20) UNSIGNED NOT NULL,
  `book_id` bigint(20) UNSIGNED NOT NULL,
  `quantity` int(11) NOT NULL DEFAULT 1,
  `created_at` timestamp NULL DEFAULT NULL,
  `updated_at` timestamp NULL DEFAULT NULL
) ENGINE=InnoDB DEFAULT CHARSET=utf8mb4 COLLATE=utf8mb4_unicode_ci;

-- --------------------------------------------------------

--
-- Table structure for table `categories`
--

CREATE TABLE `categories` (
  `id` bigint(20) UNSIGNED NOT NULL,
  `name` varchar(255) NOT NULL,
  `created_at` timestamp NULL DEFAULT NULL,
  `updated_at` timestamp NULL DEFAULT NULL,
  `image` varchar(255) NOT NULL
) ENGINE=InnoDB DEFAULT CHARSET=utf8mb4 COLLATE=utf8mb4_unicode_ci;

--
-- Dumping data for table `categories`
--

INSERT INTO `categories` (`id`, `name`, `created_at`, `updated_at`, `image`) VALUES
(1, 'أدب', '2024-08-01 17:37:59', '2024-08-01 17:37:59', '1.png'),
(2, 'تاريخ', '2024-08-01 17:37:59', '2024-08-01 17:37:59', '2.png'),
(3, 'فلسفة', '2024-08-01 17:37:59', '2024-08-01 17:37:59', '3.png'),
(4, 'دين وتعليم إسلامي', '2024-08-01 17:37:59', '2024-08-01 17:37:59', '4.png'),
(5, 'علوم', '2024-08-01 17:37:59', '2024-08-01 17:37:59', '5.png'),
(6, 'فنون', '2024-08-01 17:37:59', '2024-08-01 17:37:59', '6.png'),
(7, 'سير ذاتية', '2024-08-01 17:37:59', '2024-08-01 17:37:59', '7.png'),
(8, 'طبخ', '2024-08-01 17:37:59', '2024-08-01 17:37:59', '8.png'),
(9, 'تطوير الذات', '2024-08-01 17:37:59', '2024-08-01 17:37:59', '9.png'),
(10, 'أطفال', '2024-08-01 17:37:59', '2024-08-01 17:37:59', '10.png');

-- --------------------------------------------------------

--
-- Table structure for table `clients`
--

CREATE TABLE `clients` (
  `id` bigint(20) UNSIGNED NOT NULL,
  `name` varchar(255) NOT NULL,
  `email` varchar(255) NOT NULL,
  `password` varchar(255) NOT NULL,
  `image` varchar(255) DEFAULT NULL,
  `phone` varchar(255) NOT NULL,
  `created_at` timestamp NULL DEFAULT NULL,
  `updated_at` timestamp NULL DEFAULT NULL
) ENGINE=InnoDB DEFAULT CHARSET=utf8mb4 COLLATE=utf8mb4_unicode_ci;

--
-- Dumping data for table `clients`
--

INSERT INTO `clients` (`id`, `name`, `email`, `password`, `image`, `phone`, `created_at`, `updated_at`) VALUES
(1, 'Mrs. Sandra Pouros V', 'lillian.rosenbaum@hegmann.com', '$2y$10$mOrdRKWjTaDCQdBOwLQf6OgbOG4mOh.up.ItZLCwCI/PdZzU9b7dW', '1.jpg', '+1 (772) 518-0616', '2024-08-01 17:37:59', '2024-08-01 17:37:59'),
(2, 'Americo Gusikowski', 'billy.bechtelar@yahoo.com', '$2y$10$V2tAhT4OCyPxlS6de0pIM.RaTiGdX2YYrgqwNZSPVZ42ysjsHwBGi', '2.jpg', '628-685-9419', '2024-08-01 17:37:59', '2024-08-01 17:37:59'),
(3, 'Rudy Flatley III', 'jakob61@gmail.com', '$2y$10$B9Qzi0KNapLo8X99vO3yd.vW0pMAI47tZShkwcI.0S.AnAXJkcKgC', '3.jpg', '+1.743.794.7526', '2024-08-01 17:37:59', '2024-08-01 17:37:59'),
(4, 'Roselyn Kuhic', 'wallace.stiedemann@gmail.com', '$2y$10$9/2XkvtzRfVroeAoKJhAAO7Zc8CKezOkFMzHMG8VTXi8OJb6sGOEu', '4.jpg', '1-914-531-9379', '2024-08-01 17:37:59', '2024-08-01 17:37:59'),
(5, 'Modesto Mitchell', 'fleannon@brakus.com', '$2y$10$mYsPUeQaPVTbbseC4Ru0wOCwOja5tsswlxyWVLHkx9rGLcGj1hmtS', '5.jpg', '947.416.7814', '2024-08-01 17:37:59', '2024-08-01 17:37:59'),
(6, 'Trisha Schowalter Sr.', 'henderson.schumm@altenwerth.com', '$2y$10$VXBFDwOhVtg.U98sp6ZipeIoW5SZWsb58nFitRxRLQIaBzqDgWHJO', '6.jpg', '+1.917.362.9277', '2024-08-01 17:37:59', '2024-08-01 17:37:59'),
(7, 'Pink McCullough', 'sydnee30@gmail.com', '$2y$10$RqnpGdRQTc1lK2qOLw099.EioXD613DS0ewNdF6aw/LYSf5EcQVau', '7.jpg', '641.658.9269', '2024-08-01 17:37:59', '2024-08-01 17:37:59'),
(8, 'Michael Fritsch', 'nschowalter@eichmann.com', '$2y$10$eAFM7VALXoHnHvZevgu6xOEFGuba1/KosLjx9LyM1W4fOrHW8VO7q', '8.jpg', '1-503-578-2563', '2024-08-01 17:37:59', '2024-08-01 17:37:59'),
(9, 'Braeden King', 'smcclure@wisozk.com', '$2y$10$HemDldjbZ3LJkfZuvsOYE.FJw94NRCRuNkR1JnbCkI0urnCnFEApi', '9.jpg', '458-819-0396', '2024-08-01 17:37:59', '2024-08-01 17:37:59'),
(10, 'Dr. Ashlee Pouros', 'arippin@yahoo.com', '$2y$10$06fmeP7AxnNbqy9GPeW8zeedNtWxaxUP3VwKkkvdPle5fUvWodetu', '10.jpg', '+1.531.242.2392', '2024-08-01 17:37:59', '2024-08-01 17:37:59');

-- --------------------------------------------------------

--
-- Table structure for table `contacts`
--

CREATE TABLE `contacts` (
  `id` bigint(20) UNSIGNED NOT NULL,
  `name` varchar(255) NOT NULL,
  `email` varchar(255) NOT NULL,
  `title` varchar(255) NOT NULL,
  `message` text NOT NULL,
  `created_at` timestamp NULL DEFAULT NULL,
  `updated_at` timestamp NULL DEFAULT NULL
) ENGINE=InnoDB DEFAULT CHARSET=utf8mb4 COLLATE=utf8mb4_unicode_ci;

-- --------------------------------------------------------

--
-- Table structure for table `coupons`
--

CREATE TABLE `coupons` (
  `id` bigint(20) UNSIGNED NOT NULL,
  `code` varchar(255) NOT NULL,
  `type` tinyint(3) UNSIGNED NOT NULL,
  `value` decimal(8,2) NOT NULL,
  `max_usage` int(11) NOT NULL,
  `number_of_usage` int(11) NOT NULL DEFAULT 0,
  `min_order_value` decimal(8,2) NOT NULL,
  `expire_date` date NOT NULL,
  `created_at` timestamp NULL DEFAULT NULL,
  `updated_at` timestamp NULL DEFAULT NULL
) ENGINE=InnoDB DEFAULT CHARSET=utf8mb4 COLLATE=utf8mb4_unicode_ci;

-- --------------------------------------------------------

--
-- Table structure for table `failed_jobs`
--

CREATE TABLE `failed_jobs` (
  `id` bigint(20) UNSIGNED NOT NULL,
  `uuid` varchar(255) NOT NULL,
  `connection` text NOT NULL,
  `queue` text NOT NULL,
  `payload` longtext NOT NULL,
  `exception` longtext NOT NULL,
  `failed_at` timestamp NOT NULL DEFAULT current_timestamp()
) ENGINE=InnoDB DEFAULT CHARSET=utf8mb4 COLLATE=utf8mb4_unicode_ci;

-- --------------------------------------------------------

--
-- Table structure for table `locations`
--

CREATE TABLE `locations` (
  `id` bigint(20) UNSIGNED NOT NULL,
  `name` varchar(255) NOT NULL,
  `parent_id` bigint(20) UNSIGNED DEFAULT NULL,
  `created_at` timestamp NULL DEFAULT NULL,
  `updated_at` timestamp NULL DEFAULT NULL,
  `is_default` tinyint(1) NOT NULL DEFAULT 0,
  `shipping_price` double(10,2) DEFAULT NULL
) ENGINE=InnoDB DEFAULT CHARSET=utf8mb4 COLLATE=utf8mb4_unicode_ci;

--
-- Dumping data for table `locations`
--

INSERT INTO `locations` (`id`, `name`, `parent_id`, `created_at`, `updated_at`, `is_default`, `shipping_price`) VALUES
(1, 'Kuwait', NULL, '2024-08-01 17:37:59', '2024-08-01 17:37:59', 1, NULL),
(2, 'City 1', 1, '2024-08-01 17:37:59', '2024-08-01 17:37:59', 0, 15.00),
(3, 'City 2', 1, '2024-08-01 17:37:59', '2024-08-01 17:37:59', 0, 15.00),
(4, 'City 3', 1, '2024-08-01 17:37:59', '2024-08-01 17:37:59', 0, 15.00),
(5, 'City 4', 1, '2024-08-01 17:37:59', '2024-08-01 17:37:59', 0, 15.00),
(6, 'City 5', 1, '2024-08-01 17:37:59', '2024-08-01 17:37:59', 0, 15.00),
(7, 'City 6', 1, '2024-08-01 17:37:59', '2024-08-01 17:37:59', 0, 15.00),
(8, 'City 7', 1, '2024-08-01 17:37:59', '2024-08-01 17:37:59', 0, 15.00),
(9, 'City 8', 1, '2024-08-01 17:37:59', '2024-08-01 17:37:59', 0, 15.00),
(10, 'City 9', 1, '2024-08-01 17:37:59', '2024-08-01 17:37:59', 0, 15.00),
(11, 'City 10', 1, '2024-08-01 17:37:59', '2024-08-01 17:37:59', 0, 15.00),
(12, 'Canada', NULL, '2024-08-01 17:37:59', '2024-08-01 17:37:59', 0, NULL),
(13, 'City 1', 12, '2024-08-01 17:37:59', '2024-08-01 17:37:59', 0, 15.00),
(14, 'City 2', 12, '2024-08-01 17:37:59', '2024-08-01 17:37:59', 0, 15.00),
(15, 'City 3', 12, '2024-08-01 17:37:59', '2024-08-01 17:37:59', 0, 15.00),
(16, 'City 4', 12, '2024-08-01 17:37:59', '2024-08-01 17:37:59', 0, 15.00),
(17, 'City 5', 12, '2024-08-01 17:37:59', '2024-08-01 17:37:59', 0, 15.00),
(18, 'City 6', 12, '2024-08-01 17:37:59', '2024-08-01 17:37:59', 0, 15.00),
(19, 'City 7', 12, '2024-08-01 17:37:59', '2024-08-01 17:37:59', 0, 15.00),
(20, 'City 8', 12, '2024-08-01 17:37:59', '2024-08-01 17:37:59', 0, 15.00),
(21, 'City 9', 12, '2024-08-01 17:37:59', '2024-08-01 17:37:59', 0, 15.00),
(22, 'City 10', 12, '2024-08-01 17:37:59', '2024-08-01 17:37:59', 0, 15.00),
(23, 'UK', NULL, '2024-08-01 17:37:59', '2024-08-01 17:37:59', 0, NULL),
(24, 'City 1', 23, '2024-08-01 17:37:59', '2024-08-01 17:37:59', 0, 15.00),
(25, 'City 2', 23, '2024-08-01 17:37:59', '2024-08-01 17:37:59', 0, 15.00),
(26, 'City 3', 23, '2024-08-01 17:37:59', '2024-08-01 17:37:59', 0, 15.00),
(27, 'City 4', 23, '2024-08-01 17:37:59', '2024-08-01 17:37:59', 0, 15.00),
(28, 'City 5', 23, '2024-08-01 17:37:59', '2024-08-01 17:37:59', 0, 15.00),
(29, 'City 6', 23, '2024-08-01 17:37:59', '2024-08-01 17:37:59', 0, 15.00),
(30, 'City 7', 23, '2024-08-01 17:37:59', '2024-08-01 17:37:59', 0, 15.00),
(31, 'City 8', 23, '2024-08-01 17:37:59', '2024-08-01 17:37:59', 0, 15.00),
(32, 'City 9', 23, '2024-08-01 17:37:59', '2024-08-01 17:37:59', 0, 15.00),
(33, 'City 10', 23, '2024-08-01 17:37:59', '2024-08-01 17:37:59', 0, 15.00),
(34, 'Germany', NULL, '2024-08-01 17:37:59', '2024-08-01 17:37:59', 0, NULL),
(35, 'City 1', 34, '2024-08-01 17:37:59', '2024-08-01 17:37:59', 0, 15.00),
(36, 'City 2', 34, '2024-08-01 17:37:59', '2024-08-01 17:37:59', 0, 15.00),
(37, 'City 3', 34, '2024-08-01 17:37:59', '2024-08-01 17:37:59', 0, 15.00),
(38, 'City 4', 34, '2024-08-01 17:37:59', '2024-08-01 17:37:59', 0, 15.00),
(39, 'City 5', 34, '2024-08-01 17:37:59', '2024-08-01 17:37:59', 0, 15.00),
(40, 'City 6', 34, '2024-08-01 17:37:59', '2024-08-01 17:37:59', 0, 15.00),
(41, 'City 7', 34, '2024-08-01 17:37:59', '2024-08-01 17:37:59', 0, 15.00),
(42, 'City 8', 34, '2024-08-01 17:37:59', '2024-08-01 17:37:59', 0, 15.00),
(43, 'City 9', 34, '2024-08-01 17:37:59', '2024-08-01 17:37:59', 0, 15.00),
(44, 'City 10', 34, '2024-08-01 17:37:59', '2024-08-01 17:37:59', 0, 15.00),
(45, 'France', NULL, '2024-08-01 17:37:59', '2024-08-01 17:37:59', 0, NULL),
(46, 'City 1', 45, '2024-08-01 17:37:59', '2024-08-01 17:37:59', 0, 15.00),
(47, 'City 2', 45, '2024-08-01 17:37:59', '2024-08-01 17:37:59', 0, 15.00),
(48, 'City 3', 45, '2024-08-01 17:37:59', '2024-08-01 17:37:59', 0, 15.00),
(49, 'City 4', 45, '2024-08-01 17:37:59', '2024-08-01 17:37:59', 0, 15.00),
(50, 'City 5', 45, '2024-08-01 17:37:59', '2024-08-01 17:37:59', 0, 15.00),
(51, 'City 6', 45, '2024-08-01 17:37:59', '2024-08-01 17:37:59', 0, 15.00),
(52, 'City 7', 45, '2024-08-01 17:37:59', '2024-08-01 17:37:59', 0, 15.00),
(53, 'City 8', 45, '2024-08-01 17:37:59', '2024-08-01 17:37:59', 0, 15.00),
(54, 'City 9', 45, '2024-08-01 17:37:59', '2024-08-01 17:37:59', 0, 15.00),
(55, 'City 10', 45, '2024-08-01 17:37:59', '2024-08-01 17:37:59', 0, 15.00),
(56, 'Australia', NULL, '2024-08-01 17:37:59', '2024-08-01 17:37:59', 0, NULL),
(57, 'City 1', 56, '2024-08-01 17:37:59', '2024-08-01 17:37:59', 0, 15.00),
(58, 'City 2', 56, '2024-08-01 17:37:59', '2024-08-01 17:37:59', 0, 15.00),
(59, 'City 3', 56, '2024-08-01 17:37:59', '2024-08-01 17:37:59', 0, 15.00),
(60, 'City 4', 56, '2024-08-01 17:37:59', '2024-08-01 17:37:59', 0, 15.00),
(61, 'City 5', 56, '2024-08-01 17:37:59', '2024-08-01 17:37:59', 0, 15.00),
(62, 'City 6', 56, '2024-08-01 17:37:59', '2024-08-01 17:37:59', 0, 15.00),
(63, 'City 7', 56, '2024-08-01 17:37:59', '2024-08-01 17:37:59', 0, 15.00),
(64, 'City 8', 56, '2024-08-01 17:37:59', '2024-08-01 17:37:59', 0, 15.00),
(65, 'City 9', 56, '2024-08-01 17:37:59', '2024-08-01 17:37:59', 0, 15.00),
(66, 'City 10', 56, '2024-08-01 17:37:59', '2024-08-01 17:37:59', 0, 15.00),
(67, 'Japan', NULL, '2024-08-01 17:37:59', '2024-08-01 17:37:59', 0, NULL),
(68, 'City 1', 67, '2024-08-01 17:37:59', '2024-08-01 17:37:59', 0, 15.00),
(69, 'City 2', 67, '2024-08-01 17:37:59', '2024-08-01 17:37:59', 0, 15.00),
(70, 'City 3', 67, '2024-08-01 17:37:59', '2024-08-01 17:37:59', 0, 15.00),
(71, 'City 4', 67, '2024-08-01 17:37:59', '2024-08-01 17:37:59', 0, 15.00),
(72, 'City 5', 67, '2024-08-01 17:37:59', '2024-08-01 17:37:59', 0, 15.00),
(73, 'City 6', 67, '2024-08-01 17:37:59', '2024-08-01 17:37:59', 0, 15.00),
(74, 'City 7', 67, '2024-08-01 17:37:59', '2024-08-01 17:37:59', 0, 15.00),
(75, 'City 8', 67, '2024-08-01 17:37:59', '2024-08-01 17:37:59', 0, 15.00),
(76, 'City 9', 67, '2024-08-01 17:37:59', '2024-08-01 17:37:59', 0, 15.00),
(77, 'City 10', 67, '2024-08-01 17:37:59', '2024-08-01 17:37:59', 0, 15.00),
(78, 'India', NULL, '2024-08-01 17:37:59', '2024-08-01 17:37:59', 0, NULL),
(79, 'City 1', 78, '2024-08-01 17:37:59', '2024-08-01 17:37:59', 0, 15.00),
(80, 'City 2', 78, '2024-08-01 17:37:59', '2024-08-01 17:37:59', 0, 15.00),
(81, 'City 3', 78, '2024-08-01 17:37:59', '2024-08-01 17:37:59', 0, 15.00),
(82, 'City 4', 78, '2024-08-01 17:37:59', '2024-08-01 17:37:59', 0, 15.00),
(83, 'City 5', 78, '2024-08-01 17:37:59', '2024-08-01 17:37:59', 0, 15.00),
(84, 'City 6', 78, '2024-08-01 17:37:59', '2024-08-01 17:37:59', 0, 15.00),
(85, 'City 7', 78, '2024-08-01 17:37:59', '2024-08-01 17:37:59', 0, 15.00),
(86, 'City 8', 78, '2024-08-01 17:37:59', '2024-08-01 17:37:59', 0, 15.00),
(87, 'City 9', 78, '2024-08-01 17:37:59', '2024-08-01 17:37:59', 0, 15.00),
(88, 'City 10', 78, '2024-08-01 17:37:59', '2024-08-01 17:37:59', 0, 15.00),
(89, 'China', NULL, '2024-08-01 17:37:59', '2024-08-01 17:37:59', 0, NULL),
(90, 'City 1', 89, '2024-08-01 17:37:59', '2024-08-01 17:37:59', 0, 15.00),
(91, 'City 2', 89, '2024-08-01 17:37:59', '2024-08-01 17:37:59', 0, 15.00),
(92, 'City 3', 89, '2024-08-01 17:37:59', '2024-08-01 17:37:59', 0, 15.00),
(93, 'City 4', 89, '2024-08-01 17:37:59', '2024-08-01 17:37:59', 0, 15.00),
(94, 'City 5', 89, '2024-08-01 17:37:59', '2024-08-01 17:37:59', 0, 15.00),
(95, 'City 6', 89, '2024-08-01 17:37:59', '2024-08-01 17:37:59', 0, 15.00),
(96, 'City 7', 89, '2024-08-01 17:37:59', '2024-08-01 17:37:59', 0, 15.00),
(97, 'City 8', 89, '2024-08-01 17:37:59', '2024-08-01 17:37:59', 0, 15.00),
(98, 'City 9', 89, '2024-08-01 17:37:59', '2024-08-01 17:37:59', 0, 15.00),
(99, 'City 10', 89, '2024-08-01 17:37:59', '2024-08-01 17:37:59', 0, 15.00),
(100, 'Brazil', NULL, '2024-08-01 17:37:59', '2024-08-01 17:37:59', 0, NULL),
(101, 'City 1', 100, '2024-08-01 17:37:59', '2024-08-01 17:37:59', 0, 15.00),
(102, 'City 2', 100, '2024-08-01 17:37:59', '2024-08-01 17:37:59', 0, 15.00),
(103, 'City 3', 100, '2024-08-01 17:37:59', '2024-08-01 17:37:59', 0, 15.00),
(104, 'City 4', 100, '2024-08-01 17:37:59', '2024-08-01 17:37:59', 0, 15.00),
(105, 'City 5', 100, '2024-08-01 17:37:59', '2024-08-01 17:37:59', 0, 15.00),
(106, 'City 6', 100, '2024-08-01 17:37:59', '2024-08-01 17:37:59', 0, 15.00),
(107, 'City 7', 100, '2024-08-01 17:37:59', '2024-08-01 17:37:59', 0, 15.00),
(108, 'City 8', 100, '2024-08-01 17:37:59', '2024-08-01 17:37:59', 0, 15.00),
(109, 'City 9', 100, '2024-08-01 17:37:59', '2024-08-01 17:37:59', 0, 15.00),
(110, 'City 10', 100, '2024-08-01 17:37:59', '2024-08-01 17:37:59', 0, 15.00);

-- --------------------------------------------------------

--
-- Table structure for table `migrations`
--

CREATE TABLE `migrations` (
  `id` int(10) UNSIGNED NOT NULL,
  `migration` varchar(255) NOT NULL,
  `batch` int(11) NOT NULL
) ENGINE=InnoDB DEFAULT CHARSET=utf8mb4 COLLATE=utf8mb4_unicode_ci;

--
-- Dumping data for table `migrations`
--

INSERT INTO `migrations` (`id`, `migration`, `batch`) VALUES
(1, '2014_10_12_000000_create_users_table', 1),
(2, '2014_10_12_100000_create_password_reset_tokens_table', 1),
(3, '2019_08_19_000000_create_failed_jobs_table', 1),
(4, '2019_12_14_000001_create_personal_access_tokens_table', 1),
(5, '2024_06_21_131630_create_settings_table', 1),
(6, '2024_06_21_153949_create_admins_table', 1),
(7, '2024_06_21_170008_create_categories_table', 1),
(8, '2024_06_21_171635_create_authors_table', 1),
(9, '2024_06_21_175255_create_publishers_table', 1),
(10, '2024_06_21_191604_create_blogs_table', 1),
(11, '2024_06_21_192728_create_locations_table', 1),
(12, '2024_06_24_204426_create_clients_table', 1),
(13, '2024_06_24_211603_create_books_table', 1),
(14, '2024_06_24_211933_create_author_book_table', 1),
(15, '2024_06_24_211944_create_book_category_table', 1),
(16, '2024_06_30_134033_add_image_column_to_categories_table', 1),
(17, '2024_06_30_160954_create_contacts_table', 1),
(18, '2024_06_30_174948_create_quotes_table', 1),
(19, '2024_07_01_063315_create_pages_table', 1),
(20, '2024_07_02_205741_add_phone_to_users_table', 1),
(21, '2024_07_02_210216_add_image_to_users_table', 1),
(22, '2024_07_03_163642_create_wishlists_table', 1),
(23, '2024_07_03_212433_create_carts_table', 1),
(24, '2024_07_03_212442_create_cart_items_table', 1),
(25, '2024_07_04_190809_create_orders_table', 1),
(26, '2024_07_04_190820_create_order_items_table', 1),
(27, '2024_07_04_194011_create_coupons_table', 1),
(28, '2024_07_04_194205_add_coupon_id_column_to_orders_table', 1),
(29, '2024_07_04_203305_add_is_default_column_to_locations_table', 1),
(30, '2024_07_04_230312_add_shipping_price_to_locations_table', 1),
(31, '2024_07_04_234111_add_shipping_price_column_to_orders_table', 1),
(32, '2024_07_05_153130_add_type_column_to_books_table', 1),
(33, '2024_07_05_153800_create_book_group_table', 1),
(34, '2024_07_06_123604_add_email_to_orders_table', 1),
(35, '2024_07_29_211329_change_user_id_to_orders_table', 1),
(36, '2024_07_29_215444_add_country_id_to_orders_table', 1),
(37, '2024_08_01_160355_add_slug_to_books_table', 1);

-- --------------------------------------------------------

--
-- Table structure for table `orders`
--

CREATE TABLE `orders` (
  `id` bigint(20) UNSIGNED NOT NULL,
  `user_id` bigint(20) UNSIGNED DEFAULT NULL,
  `first_name` varchar(255) NOT NULL,
  `last_name` varchar(255) NOT NULL,
  `city_id` bigint(20) UNSIGNED DEFAULT NULL,
  `address` varchar(255) NOT NULL,
  `phone` varchar(255) NOT NULL,
  `zip` varchar(255) NOT NULL,
  `notes` text DEFAULT NULL,
  `total` double(10,2) NOT NULL,
  `total_after_discount` int(11) DEFAULT NULL,
  `status` tinyint(4) NOT NULL DEFAULT 1,
  `payment_method` tinyint(4) NOT NULL,
  `created_at` timestamp NULL DEFAULT NULL,
  `updated_at` timestamp NULL DEFAULT NULL,
  `coupon_id` bigint(20) UNSIGNED DEFAULT NULL,
  `shipping_price` double(10,2) NOT NULL,
  `email` varchar(255) NOT NULL,
  `country_id` bigint(20) UNSIGNED DEFAULT NULL
) ENGINE=InnoDB DEFAULT CHARSET=utf8mb4 COLLATE=utf8mb4_unicode_ci;

--
-- Dumping data for table `orders`
--

INSERT INTO `orders` (`id`, `user_id`, `first_name`, `last_name`, `city_id`, `address`, `phone`, `zip`, `notes`, `total`, `total_after_discount`, `status`, `payment_method`, `created_at`, `updated_at`, `coupon_id`, `shipping_price`, `email`, `country_id`) VALUES
(1, NULL, 'Chanda', 'Nixon', NULL, 'Magnam fugiat culpa', '+1 (978) 473-3179', '+1 (149) 672-6713', 'Illum quas ullamco', 70.00, 0, 4, 1, '2024-08-01 17:40:55', '2024-08-01 17:41:34', NULL, 15.00, 'wugehuhig@mailinator.com', NULL);

-- --------------------------------------------------------

--
-- Table structure for table `order_items`
--

CREATE TABLE `order_items` (
  `id` bigint(20) UNSIGNED NOT NULL,
  `order_id` bigint(20) UNSIGNED NOT NULL,
  `book_id` bigint(20) UNSIGNED NOT NULL,
  `quantity` int(11) NOT NULL,
  `price` double(10,2) NOT NULL,
  `created_at` timestamp NULL DEFAULT NULL,
  `updated_at` timestamp NULL DEFAULT NULL
) ENGINE=InnoDB DEFAULT CHARSET=utf8mb4 COLLATE=utf8mb4_unicode_ci;

--
-- Dumping data for table `order_items`
--

INSERT INTO `order_items` (`id`, `order_id`, `book_id`, `quantity`, `price`, `created_at`, `updated_at`) VALUES
(1, 1, 5, 1, 13.00, '2024-08-01 17:40:55', '2024-08-01 17:40:55'),
(2, 1, 7, 3, 8.00, '2024-08-01 17:40:55', '2024-08-01 17:40:55'),
(3, 1, 6, 1, 18.00, '2024-08-01 17:40:55', '2024-08-01 17:40:55');

-- --------------------------------------------------------

--
-- Table structure for table `pages`
--

CREATE TABLE `pages` (
  `id` bigint(20) UNSIGNED NOT NULL,
  `name` varchar(255) NOT NULL,
  `title` varchar(255) NOT NULL,
  `content` text NOT NULL,
  `created_at` timestamp NULL DEFAULT NULL,
  `updated_at` timestamp NULL DEFAULT NULL
) ENGINE=InnoDB DEFAULT CHARSET=utf8mb4 COLLATE=utf8mb4_unicode_ci;

--
-- Dumping data for table `pages`
--

INSERT INTO `pages` (`id`, `name`, `title`, `content`, `created_at`, `updated_at`) VALUES
(1, 'about_us', 'Title of About Us Page', '<p>lorem<span style=\"color:#cccccc;\">Lorem ipsum dolor sit amet consectetur adipisicing elit. Dolores, commodi! Quas ipsum deserunt eum mollitia corrupti, ducimus accusamus voluptatum. Velit officiis culpa magni ratione rerum commodi quasi, rem at iure!</span></p>', '2024-08-01 17:37:59', '2024-08-01 17:37:59'),
(2, 'terms_condition', 'Terms Condition', '<p><strong>01 - الشروط والأاحكام</strong></p><p>لوريم إيبسوم هو ببساطة نص شكلي بمعنى أن الغاية هي الشكل وليس المحتوى ويُستخدم في صناعات المطابع ودور النشر. كان لوريم إيبسوم ولايزال المعيار للنص الشكلي منذ القرن الخامس عشر عندما قامت مطبعة مجهولة برص مجموعة من الأحرف لوريم إيبسوم هو ببساطة نص شكلي بمعنى أن الغاية هي الشكل وليس المحتوى ويُستخدم في صناعات المطابع ودور النشر. كان لوريم إيبسوم ولايزال المعيار للنص الشكلي منذ القرن الخامس عشر عندما قامت مطبعة مجهولة مجموعة من الأحرف</p><p><strong>02 - الشروط والأاحكام</strong></p><p>لوريم إيبسوم هو ببساطة نص شكلي بمعنى أن الغاية هي الشكل وليس المحتوى ويُستخدم في صناعات المطابع ودور النشر. كان لوريم إيبسوم ولايزال المعيار للنص الشكلي منذ القرن الخامس عشر عندما قامت مطبعة مجهولة برص مجموعة من الأحرف لوريم إيبسوم هو ببساطة نص شكلي بمعنى أن الغاية هي الشكل وليس المحتوى ويُستخدم في صناعات المطابع ودور النشر. كان لوريم إيبسوم ولايزال المعيار للنص الشكلي منذ القرن الخامس عشر عندما قامت مطبعة مجهولة مجموعة من الأحرف</p><p><strong>03 - الشروط والأاحكام</strong></p><p>لوريم إيبسوم هو ببساطة نص شكلي بمعنى أن الغاية هي الشكل وليس المحتوى ويُستخدم في صناعات المطابع ودور النشر. كان لوريم إيبسوم ولايزال المعيار للنص الشكلي منذ القرن الخامس عشر عندما قامت مطبعة مجهولة برص مجموعة من الأحرف لوريم إيبسوم هو ببساطة نص شكلي بمعنى أن الغاية هي الشكل وليس المحتوى ويُستخدم في صناعات المطابع ودور النشر. كان لوريم إيبسوم ولايزال المعيار للنص الشكلي منذ القرن الخامس عشر عندما قامت مطبعة مجهولة مجموعة من الأحرف</p><p><strong>04 - الشروط والأاحكام</strong></p><p>لوريم إيبسوم هو ببساطة نص شكلي بمعنى أن الغاية هي الشكل وليس المحتوى ويُستخدم في صناعات المطابع ودور النشر. كان لوريم إيبسوم ولايزال المعيار للنص الشكلي منذ القرن الخامس عشر عندما قامت مطبعة مجهولة برص مجموعة من الأحرف لوريم إيبسوم هو ببساطة نص شكلي بمعنى أن الغاية هي الشكل وليس المحتوى ويُستخدم في صناعات المطابع ودور النشر. كان لوريم إيبسوم ولايزال المعيار للنص الشكلي منذ القرن الخامس عشر عندما قامت مطبعة مجهولة مجموعة من الأحرف</p><p><strong>05 - اتصل بنا</strong></p><p>إن كانت لديك أية استفسارات بخصوص سياسة الخصوصية، فيمكنك التواصل معنا عبر أي من طرق التواصل التالية:</p><p><span style=\"color:rgb(33,37,41)!important;\">البريد الإلكتروني : </span>example@gmail.com</p><p><span style=\"color:rgb(33,37,41)!important;\">رقم الهاتف : </span>54545454014+</p><p><span style=\"color:rgb(33,37,41)!important;\">عنوان المكتبة : </span>الكويت-حولي بارك- قصر الوناسة بجوار مطعم شرمبي</p>', '2024-08-01 17:37:59', '2024-08-01 17:37:59');

-- --------------------------------------------------------

--
-- Table structure for table `password_reset_tokens`
--

CREATE TABLE `password_reset_tokens` (
  `email` varchar(255) NOT NULL,
  `token` varchar(255) NOT NULL,
  `created_at` timestamp NULL DEFAULT NULL
) ENGINE=InnoDB DEFAULT CHARSET=utf8mb4 COLLATE=utf8mb4_unicode_ci;

-- --------------------------------------------------------

--
-- Table structure for table `personal_access_tokens`
--

CREATE TABLE `personal_access_tokens` (
  `id` bigint(20) UNSIGNED NOT NULL,
  `tokenable_type` varchar(255) NOT NULL,
  `tokenable_id` bigint(20) UNSIGNED NOT NULL,
  `name` varchar(255) NOT NULL,
  `token` varchar(64) NOT NULL,
  `abilities` text DEFAULT NULL,
  `last_used_at` timestamp NULL DEFAULT NULL,
  `expires_at` timestamp NULL DEFAULT NULL,
  `created_at` timestamp NULL DEFAULT NULL,
  `updated_at` timestamp NULL DEFAULT NULL
) ENGINE=InnoDB DEFAULT CHARSET=utf8mb4 COLLATE=utf8mb4_unicode_ci;

-- --------------------------------------------------------

--
-- Table structure for table `publishers`
--

CREATE TABLE `publishers` (
  `id` bigint(20) UNSIGNED NOT NULL,
  `name` varchar(255) NOT NULL,
  `image` varchar(255) NOT NULL,
  `created_at` timestamp NULL DEFAULT NULL,
  `updated_at` timestamp NULL DEFAULT NULL
) ENGINE=InnoDB DEFAULT CHARSET=utf8mb4 COLLATE=utf8mb4_unicode_ci;

--
-- Dumping data for table `publishers`
--

INSERT INTO `publishers` (`id`, `name`, `image`, `created_at`, `updated_at`) VALUES
(1, 'دار الشروق', '1.jpg', '2024-08-01 17:37:59', '2024-08-01 17:37:59'),
(2, 'المؤسسة العربية للدراسات والنشر', '2.jpg', '2024-08-01 17:37:59', '2024-08-01 17:37:59'),
(3, 'دار الفكر', '3.jpg', '2024-08-01 17:37:59', '2024-08-01 17:37:59'),
(4, 'دار الهلال', '4.jpg', '2024-08-01 17:37:59', '2024-08-01 17:37:59'),
(5, 'دار الساقي', '5.jpg', '2024-08-01 17:37:59', '2024-08-01 17:37:59'),
(6, 'مكتبة لبنان ناشرون', '6.jpg', '2024-08-01 17:37:59', '2024-08-01 17:37:59'),
(7, 'دار الآداب', '7.jpg', '2024-08-01 17:37:59', '2024-08-01 17:37:59'),
(8, 'الدار المصرية اللبنانية', '8.jpg', '2024-08-01 17:37:59', '2024-08-01 17:37:59'),
(9, 'دار النهضة العربية', '9.jpg', '2024-08-01 17:37:59', '2024-08-01 17:37:59'),
(10, 'مركز دراسات الوحدة العربية', '10.jpg', '2024-08-01 17:37:59', '2024-08-01 17:37:59');

-- --------------------------------------------------------

--
-- Table structure for table `quotes`
--

CREATE TABLE `quotes` (
  `id` bigint(20) UNSIGNED NOT NULL,
  `name` varchar(255) NOT NULL,
  `image` varchar(255) NOT NULL,
  `created_at` timestamp NULL DEFAULT NULL,
  `updated_at` timestamp NULL DEFAULT NULL
) ENGINE=InnoDB DEFAULT CHARSET=utf8mb4 COLLATE=utf8mb4_unicode_ci;

--
-- Dumping data for table `quotes`
--

INSERT INTO `quotes` (`id`, `name`, `image`, `created_at`, `updated_at`) VALUES
(1, ' نص، لتكوّن كتيّب بمثابة دليل أو مرجع شكلي لهذه الأحرف. خمسة قرون من  البلاستيكية تحوي مقاطع من هذا النص، وعاد لينتشر مرة أخرى مؤخراَ مع ظهور برامج النشر الإلكتروني مثل \"ألدوس بايج مايكر\" (Aldus PageMaker) والتي حوت أيضاً على نسخ من نص لوريم إيبسوم.', '1.jpg', '2024-08-01 17:37:59', '2024-08-01 17:37:59'),
(2, ' نص، لتكوّن كتيّب بمثابة دليل أو مرجع شكلي لهذه الأحرف. خمسة قرون من  البلاستيكية تحوي مقاطع من هذا النص، وعاد لينتشر مرة أخرى مؤخراَ مع ظهور برامج النشر الإلكتروني مثل \"ألدوس بايج مايكر\" (Aldus PageMaker) والتي حوت أيضاً على نسخ من نص لوريم إيبسوم.', '2.jpg', '2024-08-01 17:37:59', '2024-08-01 17:37:59'),
(3, ' نص، لتكوّن كتيّب بمثابة دليل أو مرجع شكلي لهذه الأحرف. خمسة قرون من  البلاستيكية تحوي مقاطع من هذا النص، وعاد لينتشر مرة أخرى مؤخراَ مع ظهور برامج النشر الإلكتروني مثل \"ألدوس بايج مايكر\" (Aldus PageMaker) والتي حوت أيضاً على نسخ من نص لوريم إيبسوم.', '3.jpg', '2024-08-01 17:37:59', '2024-08-01 17:37:59'),
(4, ' نص، لتكوّن كتيّب بمثابة دليل أو مرجع شكلي لهذه الأحرف. خمسة قرون من  البلاستيكية تحوي مقاطع من هذا النص، وعاد لينتشر مرة أخرى مؤخراَ مع ظهور برامج النشر الإلكتروني مثل \"ألدوس بايج مايكر\" (Aldus PageMaker) والتي حوت أيضاً على نسخ من نص لوريم إيبسوم.', '4.jpg', '2024-08-01 17:37:59', '2024-08-01 17:37:59'),
(5, ' نص، لتكوّن كتيّب بمثابة دليل أو مرجع شكلي لهذه الأحرف. خمسة قرون من  البلاستيكية تحوي مقاطع من هذا النص، وعاد لينتشر مرة أخرى مؤخراَ مع ظهور برامج النشر الإلكتروني مثل \"ألدوس بايج مايكر\" (Aldus PageMaker) والتي حوت أيضاً على نسخ من نص لوريم إيبسوم.', '5.jpg', '2024-08-01 17:37:59', '2024-08-01 17:37:59'),
(6, ' نص، لتكوّن كتيّب بمثابة دليل أو مرجع شكلي لهذه الأحرف. خمسة قرون من  البلاستيكية تحوي مقاطع من هذا النص، وعاد لينتشر مرة أخرى مؤخراَ مع ظهور برامج النشر الإلكتروني مثل \"ألدوس بايج مايكر\" (Aldus PageMaker) والتي حوت أيضاً على نسخ من نص لوريم إيبسوم.', '6.jpg', '2024-08-01 17:37:59', '2024-08-01 17:37:59'),
(7, ' نص، لتكوّن كتيّب بمثابة دليل أو مرجع شكلي لهذه الأحرف. خمسة قرون من  البلاستيكية تحوي مقاطع من هذا النص، وعاد لينتشر مرة أخرى مؤخراَ مع ظهور برامج النشر الإلكتروني مثل \"ألدوس بايج مايكر\" (Aldus PageMaker) والتي حوت أيضاً على نسخ من نص لوريم إيبسوم.', '7.jpg', '2024-08-01 17:37:59', '2024-08-01 17:37:59'),
(8, ' نص، لتكوّن كتيّب بمثابة دليل أو مرجع شكلي لهذه الأحرف. خمسة قرون من  البلاستيكية تحوي مقاطع من هذا النص، وعاد لينتشر مرة أخرى مؤخراَ مع ظهور برامج النشر الإلكتروني مثل \"ألدوس بايج مايكر\" (Aldus PageMaker) والتي حوت أيضاً على نسخ من نص لوريم إيبسوم.', '8.jpg', '2024-08-01 17:37:59', '2024-08-01 17:37:59'),
(9, ' نص، لتكوّن كتيّب بمثابة دليل أو مرجع شكلي لهذه الأحرف. خمسة قرون من  البلاستيكية تحوي مقاطع من هذا النص، وعاد لينتشر مرة أخرى مؤخراَ مع ظهور برامج النشر الإلكتروني مثل \"ألدوس بايج مايكر\" (Aldus PageMaker) والتي حوت أيضاً على نسخ من نص لوريم إيبسوم.', '9.jpg', '2024-08-01 17:37:59', '2024-08-01 17:37:59'),
(10, ' نص، لتكوّن كتيّب بمثابة دليل أو مرجع شكلي لهذه الأحرف. خمسة قرون من  البلاستيكية تحوي مقاطع من هذا النص، وعاد لينتشر مرة أخرى مؤخراَ مع ظهور برامج النشر الإلكتروني مثل \"ألدوس بايج مايكر\" (Aldus PageMaker) والتي حوت أيضاً على نسخ من نص لوريم إيبسوم.', '10.jpg', '2024-08-01 17:37:59', '2024-08-01 17:37:59');

-- --------------------------------------------------------

--
-- Table structure for table `settings`
--

CREATE TABLE `settings` (
  `id` bigint(20) UNSIGNED NOT NULL,
  `label` longtext CHARACTER SET utf8mb4 COLLATE utf8mb4_bin NOT NULL CHECK (json_valid(`label`)),
  `key` varchar(255) NOT NULL,
  `value` text NOT NULL,
  `group` varchar(255) NOT NULL,
  `type` varchar(255) NOT NULL,
  `created_at` timestamp NULL DEFAULT NULL,
  `updated_at` timestamp NULL DEFAULT NULL
) ENGINE=InnoDB DEFAULT CHARSET=utf8mb4 COLLATE=utf8mb4_unicode_ci;

--
-- Dumping data for table `settings`
--

INSERT INTO `settings` (`id`, `label`, `key`, `value`, `group`, `type`, `created_at`, `updated_at`) VALUES
(1, '{\"ar\":\"اسم الموقع\"}', 'app_name', 'مكتبة الكويت', 'main', 'string', '2024-08-01 17:37:59', '2024-08-01 17:37:59'),
(2, '{\"ar\":\"رسالة الطلب خارج الكويت\"}', 'message_not_default', 'تم تنفيذ طلبك بنجاح, سيتم التواصل معك في اقرب وقت ممكن', 'main', 'string', '2024-08-01 17:37:59', '2024-08-01 17:37:59'),
(3, '{\"ar\":\"اللوجو\"}', 'logo', 'logo.webp', 'main', 'image', '2024-08-01 17:37:59', '2024-08-01 17:37:59'),
(4, '{\"ar\":\"فيسبوك\"}', 'fb_link', 'https://facebook.com/example', 'social', 'string', '2024-08-01 17:37:59', '2024-08-01 17:37:59'),
(5, '{\"ar\":\"انستغرام\"}', 'insta_link', 'https://instagram.com/example', 'social', 'string', '2024-08-01 17:37:59', '2024-08-01 17:37:59'),
(6, '{\"ar\":\"اكس\"}', 'twitter_link', 'https://twitter.com/example', 'social', 'string', '2024-08-01 17:37:59', '2024-08-01 17:37:59'),
(7, '{\"ar\":\"لينكد ان\"}', 'linkedin_link', 'https://linkedin.com/example', 'social', 'string', '2024-08-01 17:37:59', '2024-08-01 17:37:59');

-- --------------------------------------------------------

--
-- Table structure for table `users`
--

CREATE TABLE `users` (
  `id` bigint(20) UNSIGNED NOT NULL,
  `name` varchar(255) NOT NULL,
  `email` varchar(255) NOT NULL,
  `email_verified_at` timestamp NULL DEFAULT NULL,
  `password` varchar(255) NOT NULL,
  `remember_token` varchar(100) DEFAULT NULL,
  `created_at` timestamp NULL DEFAULT NULL,
  `updated_at` timestamp NULL DEFAULT NULL,
  `phone` varchar(255) NOT NULL,
  `image` varchar(255) DEFAULT NULL
) ENGINE=InnoDB DEFAULT CHARSET=utf8mb4 COLLATE=utf8mb4_unicode_ci;

--
-- Dumping data for table `users`
--

INSERT INTO `users` (`id`, `name`, `email`, `email_verified_at`, `password`, `remember_token`, `created_at`, `updated_at`, `phone`, `image`) VALUES
(1, 'Morshedy', 'morshedy@user.com', NULL, '$2y$10$oJ/zG0RQ8goNUMHY1CfLre/16/IQHnxhYYgysXPzg18hiMGqCrnwy', NULL, '2024-08-01 17:37:59', '2024-08-01 17:37:59', '01206296308', NULL);

-- --------------------------------------------------------

--
-- Table structure for table `wishlists`
--

CREATE TABLE `wishlists` (
  `id` bigint(20) UNSIGNED NOT NULL,
  `user_id` bigint(20) UNSIGNED NOT NULL,
  `book_id` bigint(20) UNSIGNED NOT NULL,
  `created_at` timestamp NULL DEFAULT NULL,
  `updated_at` timestamp NULL DEFAULT NULL
) ENGINE=InnoDB DEFAULT CHARSET=utf8mb4 COLLATE=utf8mb4_unicode_ci;

--
-- Indexes for dumped tables
--

--
-- Indexes for table `admins`
--
ALTER TABLE `admins`
  ADD PRIMARY KEY (`id`),
  ADD UNIQUE KEY `admins_email_unique` (`email`);

--
-- Indexes for table `authors`
--
ALTER TABLE `authors`
  ADD PRIMARY KEY (`id`);

--
-- Indexes for table `author_book`
--
ALTER TABLE `author_book`
  ADD PRIMARY KEY (`id`),
  ADD KEY `author_book_book_id_foreign` (`book_id`),
  ADD KEY `author_book_author_id_foreign` (`author_id`);

--
-- Indexes for table `blogs`
--
ALTER TABLE `blogs`
  ADD PRIMARY KEY (`id`);

--
-- Indexes for table `books`
--
ALTER TABLE `books`
  ADD PRIMARY KEY (`id`),
  ADD UNIQUE KEY `books_slug_unique` (`slug`),
  ADD KEY `books_publisher_id_foreign` (`publisher_id`);

--
-- Indexes for table `book_category`
--
ALTER TABLE `book_category`
  ADD PRIMARY KEY (`id`),
  ADD KEY `book_category_book_id_foreign` (`book_id`),
  ADD KEY `book_category_category_id_foreign` (`category_id`);

--
-- Indexes for table `book_group`
--
ALTER TABLE `book_group`
  ADD PRIMARY KEY (`id`),
  ADD KEY `book_group_book_id_foreign` (`book_id`),
  ADD KEY `book_group_group_id_foreign` (`group_id`);

--
-- Indexes for table `carts`
--
ALTER TABLE `carts`
  ADD PRIMARY KEY (`id`),
  ADD KEY `carts_user_id_foreign` (`user_id`);

--
-- Indexes for table `cart_items`
--
ALTER TABLE `cart_items`
  ADD PRIMARY KEY (`id`),
  ADD KEY `cart_items_cart_id_foreign` (`cart_id`),
  ADD KEY `cart_items_book_id_foreign` (`book_id`);

--
-- Indexes for table `categories`
--
ALTER TABLE `categories`
  ADD PRIMARY KEY (`id`);

--
-- Indexes for table `clients`
--
ALTER TABLE `clients`
  ADD PRIMARY KEY (`id`),
  ADD UNIQUE KEY `clients_email_unique` (`email`),
  ADD UNIQUE KEY `clients_phone_unique` (`phone`);

--
-- Indexes for table `contacts`
--
ALTER TABLE `contacts`
  ADD PRIMARY KEY (`id`);

--
-- Indexes for table `coupons`
--
ALTER TABLE `coupons`
  ADD PRIMARY KEY (`id`),
  ADD UNIQUE KEY `coupons_code_unique` (`code`);

--
-- Indexes for table `failed_jobs`
--
ALTER TABLE `failed_jobs`
  ADD PRIMARY KEY (`id`),
  ADD UNIQUE KEY `failed_jobs_uuid_unique` (`uuid`);

--
-- Indexes for table `locations`
--
ALTER TABLE `locations`
  ADD PRIMARY KEY (`id`),
  ADD KEY `locations_parent_id_foreign` (`parent_id`);

--
-- Indexes for table `migrations`
--
ALTER TABLE `migrations`
  ADD PRIMARY KEY (`id`);

--
-- Indexes for table `orders`
--
ALTER TABLE `orders`
  ADD PRIMARY KEY (`id`),
  ADD KEY `orders_user_id_foreign` (`user_id`),
  ADD KEY `orders_city_id_foreign` (`city_id`),
  ADD KEY `orders_coupon_id_foreign` (`coupon_id`),
  ADD KEY `orders_country_id_foreign` (`country_id`);

--
-- Indexes for table `order_items`
--
ALTER TABLE `order_items`
  ADD PRIMARY KEY (`id`),
  ADD KEY `order_items_order_id_foreign` (`order_id`),
  ADD KEY `order_items_book_id_foreign` (`book_id`);

--
-- Indexes for table `pages`
--
ALTER TABLE `pages`
  ADD PRIMARY KEY (`id`);

--
-- Indexes for table `password_reset_tokens`
--
ALTER TABLE `password_reset_tokens`
  ADD PRIMARY KEY (`email`);

--
-- Indexes for table `personal_access_tokens`
--
ALTER TABLE `personal_access_tokens`
  ADD PRIMARY KEY (`id`),
  ADD UNIQUE KEY `personal_access_tokens_token_unique` (`token`),
  ADD KEY `personal_access_tokens_tokenable_type_tokenable_id_index` (`tokenable_type`,`tokenable_id`);

--
-- Indexes for table `publishers`
--
ALTER TABLE `publishers`
  ADD PRIMARY KEY (`id`);

--
-- Indexes for table `quotes`
--
ALTER TABLE `quotes`
  ADD PRIMARY KEY (`id`);

--
-- Indexes for table `settings`
--
ALTER TABLE `settings`
  ADD PRIMARY KEY (`id`),
  ADD UNIQUE KEY `settings_key_unique` (`key`);

--
-- Indexes for table `users`
--
ALTER TABLE `users`
  ADD PRIMARY KEY (`id`),
  ADD UNIQUE KEY `users_email_unique` (`email`);

--
-- Indexes for table `wishlists`
--
ALTER TABLE `wishlists`
  ADD PRIMARY KEY (`id`),
  ADD KEY `wishlists_user_id_foreign` (`user_id`),
  ADD KEY `wishlists_book_id_foreign` (`book_id`);

--
-- AUTO_INCREMENT for dumped tables
--

--
-- AUTO_INCREMENT for table `admins`
--
ALTER TABLE `admins`
  MODIFY `id` bigint(20) UNSIGNED NOT NULL AUTO_INCREMENT, AUTO_INCREMENT=2;

--
-- AUTO_INCREMENT for table `authors`
--
ALTER TABLE `authors`
  MODIFY `id` bigint(20) UNSIGNED NOT NULL AUTO_INCREMENT, AUTO_INCREMENT=11;

--
-- AUTO_INCREMENT for table `author_book`
--
ALTER TABLE `author_book`
  MODIFY `id` bigint(20) UNSIGNED NOT NULL AUTO_INCREMENT, AUTO_INCREMENT=41;

--
-- AUTO_INCREMENT for table `blogs`
--
ALTER TABLE `blogs`
  MODIFY `id` bigint(20) UNSIGNED NOT NULL AUTO_INCREMENT, AUTO_INCREMENT=4;

--
-- AUTO_INCREMENT for table `books`
--
ALTER TABLE `books`
  MODIFY `id` bigint(20) UNSIGNED NOT NULL AUTO_INCREMENT, AUTO_INCREMENT=21;

--
-- AUTO_INCREMENT for table `book_category`
--
ALTER TABLE `book_category`
  MODIFY `id` bigint(20) UNSIGNED NOT NULL AUTO_INCREMENT, AUTO_INCREMENT=41;

--
-- AUTO_INCREMENT for table `book_group`
--
ALTER TABLE `book_group`
  MODIFY `id` bigint(20) UNSIGNED NOT NULL AUTO_INCREMENT, AUTO_INCREMENT=21;

--
-- AUTO_INCREMENT for table `carts`
--
ALTER TABLE `carts`
  MODIFY `id` bigint(20) UNSIGNED NOT NULL AUTO_INCREMENT;

--
-- AUTO_INCREMENT for table `cart_items`
--
ALTER TABLE `cart_items`
  MODIFY `id` bigint(20) UNSIGNED NOT NULL AUTO_INCREMENT;

--
-- AUTO_INCREMENT for table `categories`
--
ALTER TABLE `categories`
  MODIFY `id` bigint(20) UNSIGNED NOT NULL AUTO_INCREMENT, AUTO_INCREMENT=11;

--
-- AUTO_INCREMENT for table `clients`
--
ALTER TABLE `clients`
  MODIFY `id` bigint(20) UNSIGNED NOT NULL AUTO_INCREMENT, AUTO_INCREMENT=11;

--
-- AUTO_INCREMENT for table `contacts`
--
ALTER TABLE `contacts`
  MODIFY `id` bigint(20) UNSIGNED NOT NULL AUTO_INCREMENT;

--
-- AUTO_INCREMENT for table `coupons`
--
ALTER TABLE `coupons`
  MODIFY `id` bigint(20) UNSIGNED NOT NULL AUTO_INCREMENT;

--
-- AUTO_INCREMENT for table `failed_jobs`
--
ALTER TABLE `failed_jobs`
  MODIFY `id` bigint(20) UNSIGNED NOT NULL AUTO_INCREMENT;

--
-- AUTO_INCREMENT for table `locations`
--
ALTER TABLE `locations`
  MODIFY `id` bigint(20) UNSIGNED NOT NULL AUTO_INCREMENT, AUTO_INCREMENT=111;

--
-- AUTO_INCREMENT for table `migrations`
--
ALTER TABLE `migrations`
  MODIFY `id` int(10) UNSIGNED NOT NULL AUTO_INCREMENT, AUTO_INCREMENT=38;

--
-- AUTO_INCREMENT for table `orders`
--
ALTER TABLE `orders`
  MODIFY `id` bigint(20) UNSIGNED NOT NULL AUTO_INCREMENT, AUTO_INCREMENT=3;

--
-- AUTO_INCREMENT for table `order_items`
--
ALTER TABLE `order_items`
  MODIFY `id` bigint(20) UNSIGNED NOT NULL AUTO_INCREMENT, AUTO_INCREMENT=6;

--
-- AUTO_INCREMENT for table `pages`
--
ALTER TABLE `pages`
  MODIFY `id` bigint(20) UNSIGNED NOT NULL AUTO_INCREMENT, AUTO_INCREMENT=3;

--
-- AUTO_INCREMENT for table `personal_access_tokens`
--
ALTER TABLE `personal_access_tokens`
  MODIFY `id` bigint(20) UNSIGNED NOT NULL AUTO_INCREMENT;

--
-- AUTO_INCREMENT for table `publishers`
--
ALTER TABLE `publishers`
  MODIFY `id` bigint(20) UNSIGNED NOT NULL AUTO_INCREMENT, AUTO_INCREMENT=11;

--
-- AUTO_INCREMENT for table `quotes`
--
ALTER TABLE `quotes`
  MODIFY `id` bigint(20) UNSIGNED NOT NULL AUTO_INCREMENT, AUTO_INCREMENT=11;

--
-- AUTO_INCREMENT for table `settings`
--
ALTER TABLE `settings`
  MODIFY `id` bigint(20) UNSIGNED NOT NULL AUTO_INCREMENT, AUTO_INCREMENT=8;

--
-- AUTO_INCREMENT for table `users`
--
ALTER TABLE `users`
  MODIFY `id` bigint(20) UNSIGNED NOT NULL AUTO_INCREMENT, AUTO_INCREMENT=2;

--
-- AUTO_INCREMENT for table `wishlists`
--
ALTER TABLE `wishlists`
  MODIFY `id` bigint(20) UNSIGNED NOT NULL AUTO_INCREMENT;

--
-- Constraints for dumped tables
--

--
-- Constraints for table `author_book`
--
ALTER TABLE `author_book`
  ADD CONSTRAINT `author_book_author_id_foreign` FOREIGN KEY (`author_id`) REFERENCES `authors` (`id`) ON DELETE CASCADE,
  ADD CONSTRAINT `author_book_book_id_foreign` FOREIGN KEY (`book_id`) REFERENCES `books` (`id`) ON DELETE CASCADE;

--
-- Constraints for table `books`
--
ALTER TABLE `books`
  ADD CONSTRAINT `books_publisher_id_foreign` FOREIGN KEY (`publisher_id`) REFERENCES `publishers` (`id`) ON DELETE CASCADE;

--
-- Constraints for table `book_category`
--
ALTER TABLE `book_category`
  ADD CONSTRAINT `book_category_book_id_foreign` FOREIGN KEY (`book_id`) REFERENCES `books` (`id`) ON DELETE CASCADE,
  ADD CONSTRAINT `book_category_category_id_foreign` FOREIGN KEY (`category_id`) REFERENCES `categories` (`id`) ON DELETE CASCADE;

--
-- Constraints for table `book_group`
--
ALTER TABLE `book_group`
  ADD CONSTRAINT `book_group_book_id_foreign` FOREIGN KEY (`book_id`) REFERENCES `books` (`id`) ON DELETE CASCADE,
  ADD CONSTRAINT `book_group_group_id_foreign` FOREIGN KEY (`group_id`) REFERENCES `books` (`id`) ON DELETE CASCADE;

--
-- Constraints for table `carts`
--
ALTER TABLE `carts`
  ADD CONSTRAINT `carts_user_id_foreign` FOREIGN KEY (`user_id`) REFERENCES `users` (`id`) ON DELETE CASCADE;

--
-- Constraints for table `cart_items`
--
ALTER TABLE `cart_items`
  ADD CONSTRAINT `cart_items_book_id_foreign` FOREIGN KEY (`book_id`) REFERENCES `books` (`id`) ON DELETE CASCADE,
  ADD CONSTRAINT `cart_items_cart_id_foreign` FOREIGN KEY (`cart_id`) REFERENCES `carts` (`id`) ON DELETE CASCADE;

--
-- Constraints for table `locations`
--
ALTER TABLE `locations`
  ADD CONSTRAINT `locations_parent_id_foreign` FOREIGN KEY (`parent_id`) REFERENCES `locations` (`id`) ON DELETE CASCADE;

--
-- Constraints for table `orders`
--
ALTER TABLE `orders`
  ADD CONSTRAINT `orders_city_id_foreign` FOREIGN KEY (`city_id`) REFERENCES `locations` (`id`) ON DELETE SET NULL,
  ADD CONSTRAINT `orders_country_id_foreign` FOREIGN KEY (`country_id`) REFERENCES `locations` (`id`) ON DELETE CASCADE,
  ADD CONSTRAINT `orders_coupon_id_foreign` FOREIGN KEY (`coupon_id`) REFERENCES `coupons` (`id`) ON DELETE SET NULL,
  ADD CONSTRAINT `orders_user_id_foreign` FOREIGN KEY (`user_id`) REFERENCES `users` (`id`) ON DELETE CASCADE;

--
-- Constraints for table `order_items`
--
ALTER TABLE `order_items`
  ADD CONSTRAINT `order_items_book_id_foreign` FOREIGN KEY (`book_id`) REFERENCES `books` (`id`) ON DELETE CASCADE,
  ADD CONSTRAINT `order_items_order_id_foreign` FOREIGN KEY (`order_id`) REFERENCES `orders` (`id`) ON DELETE CASCADE;

--
-- Constraints for table `wishlists`
--
ALTER TABLE `wishlists`
  ADD CONSTRAINT `wishlists_book_id_foreign` FOREIGN KEY (`book_id`) REFERENCES `books` (`id`) ON DELETE CASCADE,
  ADD CONSTRAINT `wishlists_user_id_foreign` FOREIGN KEY (`user_id`) REFERENCES `users` (`id`) ON DELETE CASCADE;
COMMIT;

/*!40101 SET CHARACTER_SET_CLIENT=@OLD_CHARACTER_SET_CLIENT */;
/*!40101 SET CHARACTER_SET_RESULTS=@OLD_CHARACTER_SET_RESULTS */;
/*!40101 SET COLLATION_CONNECTION=@OLD_COLLATION_CONNECTION */;
